Date,type_of_car,Base_Loss_USD,flood_risk_flag,Prob_Cover_Deploy,Depreciation_Timeline_months,Expected_Loss_USD
01/01/2015,Convertible,61507,1,0.6,72,55754.86
02/01/2015,Crossover,46035,0,0.49,35,31445.37
03/01/2015,Hatchback,19041,0,0.66,13,16110.42
04/01/2015,Hatchback,26375,0,0.23,70,17520.51
05/01/2015,Truck,47876,0,0.39,14,40832.93
06/01/2015,Convertible,75288,0,0.87,71,65137.28
07/01/2015,Crossover,40392,0,0.2,71,24333.66
08/01/2015,Wagon,37315,0,0.43,61,30673.56
09/01/2015,SUV,35423,0,0.58,65,25477.57
10/01/2015,SUV,39446,0,0.5,25,32861.39
11/01/2015,Wagon,34670,0,0.01,51,25813.77
12/01/2015,SUV,35320,1,0.47,71,25451.91
13/01/2015,Pickup,79347,1,0.06,82,52409.75
14/01/2015,Sedan,23367,0,0.18,19,14528.89
15/01/2015,Sedan,29983,1,0.63,39,26777.48
16/01/2015,Wagon,40064,0,0.0,34,29266.58
17/01/2015,Hatchback,28532,1,0.35,58,23973.31
18/01/2015,Sedan,21168,0,0.64,38,17979.3
19/01/2015,Crossover,46100,1,0.41,15,40922.36
20/01/2015,Convertible,53741,0,0.76,47,38875.09
21/01/2015,Convertible,54715,0,0.68,53,38516.45
22/01/2015,Pickup,81799,1,0.79,55,71600.03
23/01/2015,Crossover,37917,1,0.31,12,32351.24
24/01/2015,Pickup,67599,0,0.45,81,49611.47
25/01/2015,Pickup,42795,0,0.36,35,30103.38
26/01/2015,Coupe,73829,0,0.48,73,45364.63
27/01/2015,Van,50413,0,0.33,67,33065.14
28/01/2015,Sedan,24113,0,0.15,12,17768.38
29/01/2015,SUV,38441,0,0.68,43,34013.32
30/01/2015,Convertible,45890,0,0.21,49,28909.92
31/01/2015,Van,36169,0,0.52,27,25249.61
01/02/2015,Coupe,55982,1,0.4,47,45938.53
02/02/2015,Truck,53354,0,0.03,44,31456.7
03/02/2015,Convertible,47325,1,0.58,68,34939.71
04/02/2015,Convertible,68446,1,0.3,27,58735.26
05/02/2015,Pickup,59082,0,0.14,59,46062.17
06/02/2015,Hatchback,25752,0,0.34,59,18975.29
07/02/2015,Van,34476,0,0.78,83,30444.54
08/02/2015,Wagon,53044,0,0.04,36,29630.87
09/02/2015,SUV,46092,0,0.64,52,28453.21
10/02/2015,Van,56316,0,0.25,19,33511.34
11/02/2015,Sedan,27774,0,0.27,33,16910.54
12/02/2015,Coupe,44039,0,0.65,38,31579.87
13/02/2015,Sedan,29996,0,0.34,72,21357.57
14/02/2015,Van,34584,1,0.01,55,24384.33
15/02/2015,Hatchback,30635,0,0.08,35,17674.74
16/02/2015,Hatchback,34133,1,0.61,74,30044.27
17/02/2015,Convertible,64008,0,0.33,36,41580.57
18/02/2015,Coupe,42957,1,0.21,43,29029.07
19/02/2015,Convertible,46788,0,0.17,28,38032.49
20/02/2015,Pickup,53039,0,0.16,37,36598.29
21/02/2015,N/A,51271,1,0.4,68,44442.49
22/02/2015,Van,30756,0,0.27,25,24726.83
23/02/2015,Convertible,68688,0,0.21,74,37325.67
24/02/2015,Pickup,88352,1,0.74,69,76798.59
25/02/2015,Van,34698,1,0.48,71,27191.44
26/02/2015,Wagon,48136,0,0.92,79,44104.5
27/02/2015,Van,33587,0,0.25,27,26538.35
28/02/2015,Crossover,39206,0,0.26,66,22027.47
01/03/2015,Crossover,37847,0,0.36,23,21936.99
02/03/2015,MISC_VEHICLE,45575,0,0.27,59,26785.31
03/03/2015,Hatchback,30538,1,0.62,74,30324.71
04/03/2015,Convertible,53234,0,0.38,68,30564.73
05/03/2015,Hatchback,30962,0,0.84,80,23813.81
06/03/2015,Crossover,31859,1,0.46,34,23282.59
07/03/2015,Coupe,73943,1,0.16,21,59297.79
08/03/2015,Crossover,37367,1,0.49,15,29487.34
09/03/2015,Convertible,73383,1,0.65,35,58229.45
10/03/2015,Truck,45285,0,0.77,54,37693.0
11/03/2015,Truck,51328,0,0.17,40,27397.44
12/03/2015,SUV,43460,0,0.41,19,26874.97
13/03/2015,Crossover,37793,0,0.33,18,20942.76
14/03/2015,Hatchback,23114,0,0.7,47,18666.83
15/03/2015,Pickup,84758,0,0.41,60,61226.11
16/03/2015,Van,36821,0,0.63,34,25353.06
17/03/2015,Hatchback,32073,0,0.68,41,22642.69
18/03/2015,Van,45244,0,0.21,30,26863.64
19/03/2015,Pickup,63319,0,0.38,63,43133.94
20/03/2015,Hatchback,22457,0,0.64,64,15809.3
21/03/2015,Pickup,39751,0,0.57,50,33152.31
22/03/2015,Error,36366,0,0.4,29,25409.61
23/03/2015,Pickup,64348,1,0.86,18,62805.19
24/03/2015,Wagon,32851,0,0.62,77,22210.95
25/03/2015,Hatchback,31125,1,0.75,28,30774.05
26/03/2015,Pickup,39719,1,0.41,42,35826.85
27/03/2015,Coupe,67777,0,0.71,50,54635.02
28/03/2015,SUV,43894,0,0.61,83,35788.31
29/03/2015,Pickup,79593,0,0.63,73,53056.05
30/03/2015,Sedan,32026,1,0.3,17,21235.32
31/03/2015,Hatchback,30523,0,0.49,31,18256.79
01/04/2015,Pickup,75390,0,0.69,65,58538.5
02/04/2015,Convertible,70606,1,0.62,27,61070.83
03/04/2015,Wagon,30951,0,0.11,47,19096.49
04/04/2015,Crossover,35203,0,0.29,52,18687.33
05/04/2015,Coupe,78311,0,0.75,40,55052.61
06/04/2015,Truck,64229,1,0.53,80,48356.37
07/04/2015,SUV,35788,1,0.57,16,29991.93
08/04/2015,Sedan,34877,0,0.84,22,30807.07
09/04/2015,Pickup,58522,1,0.36,44,49828.64
10/04/2015,Truck,52642,0,0.22,17,34347.1
11/04/2015,Hatchback,28012,1,0.45,64,23199.23
12/04/2015,Crossover,41921,0,0.12,12,31743.13
13/04/2015,Van,52560,1,0.65,45,38184.05
14/04/2015,Wagon,53861,0,0.39,14,44181.81
15/04/2015,Sedan,21753,1,0.21,68,16858.94
16/04/2015,Convertible,57947,1,0.6,62,46799.75
17/04/2015,SUV,40116,0,0.61,62,37273.84
18/04/2015,Van,58181,0,0.8,41,51614.65
19/04/2015,Truck,55346,1,0.17,67,45229.68
20/04/2015,Sedan,26306,0,0.12,17,13825.58
21/04/2015,Truck,50816,0,0.28,27,36437.28
22/04/2015,Wagon,39040,0,0.73,38,28625.57
23/04/2015,SUV,49224,0,0.0,16,28234.97
24/04/2015,???,30965,0,0.58,16,20504.29
25/04/2015,Crossover,38747,0,0.45,84,27062.5
26/04/2015,Pickup,83590,0,0.61,74,68355.25
27/04/2015,Sedan,31735,0,0.11,58,19369.34
28/04/2015,Coupe,45857,0,0.23,13,39403.38
29/04/2015,Unknown,33657,0,0.55,29,23088.1
30/04/2015,Truck,47602,0,0.16,39,25481.47
01/05/2015,Pickup,71556,0,0.45,36,55193.88
02/05/2015,Van,35665,0,0.58,29,28817.57
03/05/2015,Coupe,53368,0,0.4,53,43594.94
04/05/2015,Coupe,57751,0,0.55,67,46288.6
05/05/2015,Coupe,39314,1,0.03,32,27617.44
06/05/2015,Convertible,51159,0,0.09,73,40724.49
07/05/2015,Wagon,57885,0,0.45,51,44598.63
08/05/2015,Wagon,35248,1,0.44,15,23244.8
09/05/2015,Coupe,57446,0,0.62,77,46370.76
10/05/2015,Wagon,42612,0,0.62,81,35585.98
11/05/2015,MISC_VEHICLE,55604,0,0.67,23,39703.18
12/05/2015,Crossover,43038,0,0.54,22,36137.49
13/05/2015,Truck,61313,0,0.61,21,38693.93
14/05/2015,Wagon,29753,0,0.59,28,21729.62
15/05/2015,Wagon,55009,1,0.16,80,38611.84
16/05/2015,SUV,48401,1,0.7,45,41559.84
17/05/2015,Truck,63920,0,0.58,75,52201.17
18/05/2015,Pickup,70945,0,0.1,16,40797.5
19/05/2015,Crossover,45056,1,0.37,51,34300.07
20/05/2015,Wagon,35659,0,0.29,34,26632.32
21/05/2015,Sedan,21709,0,0.42,77,18571.55
22/05/2015,Wagon,54007,0,0.31,17,35134.12
23/05/2015,Truck,58598,1,0.58,38,46559.8
24/05/2015,Coupe,73219,0,0.17,66,44584.8
25/05/2015,Van,47850,0,0.38,49,37998.88
26/05/2015,Van,34011,0,0.54,19,27001.7
27/05/2015,Van,30208,1,0.12,47,22224.63
28/05/2015,Hatchback,24453,0,0.73,49,18894.19
29/05/2015,Convertible,44420,0,0.59,24,28028.92
30/05/2015,???,35776,0,0.64,54,24537.35
31/05/2015,Van,47717,0,0.89,83,36925.39
01/06/2015,???,31357,0,0.18,62,18676.46
02/06/2015,Wagon,30602,1,0.41,57,21337.58
03/06/2015,Crossover,27882,0,0.7,12,25651.9
04/06/2015,Convertible,52166,0,0.47,84,37037.94
05/06/2015,Crossover,34262,0,0.36,74,25285.65
06/06/2015,Crossover,39181,1,0.47,45,34142.34
07/06/2015,Truck,59013,0,0.59,81,44550.55
08/06/2015,Sedan,30026,1,0.33,37,19313.65
09/06/2015,Hatchback,20374,1,0.16,74,17045.0
10/06/2015,Sedan,25695,0,0.21,62,16564.08
11/06/2015,Truck,49163,0,0.59,41,32931.59
12/06/2015,Truck,60098,0,0.45,77,52328.89
13/06/2015,Sedan,32222,0,0.63,15,23721.22
14/06/2015,Convertible,52625,1,0.36,45,37171.73
15/06/2015,Convertible,61394,0,0.6,19,44794.24
16/06/2015,Convertible,67872,0,0.65,83,53652.02
17/06/2015,Hatchback,24744,1,0.48,19,16918.45
18/06/2015,Wagon,35492,1,0.82,79,30275.11
19/06/2015,Coupe,61534,0,0.67,18,53894.31
20/06/2015,Sedan,24170,1,0.07,30,16146.91
21/06/2015,SUV,43614,1,0.52,22,30544.57
22/06/2015,SUV,51123,0,0.3,16,30094.42
23/06/2015,Pickup,49089,0,0.73,35,35258.97
24/06/2015,Wagon,32846,1,0.58,25,27327.01
25/06/2015,SUV,43944,0,0.3,33,30291.78
26/06/2015,Van,55871,0,0.18,48,36280.82
27/06/2015,Unknown,44082,0,0.54,49,33420.25
28/06/2015,Hatchback,30336,0,0.19,38,23600.39
29/06/2015,Coupe,68531,0,0.6,64,48068.53
30/06/2015,Sedan,24225,0,0.6,57,15619.94
01/07/2015,Coupe,59311,0,0.66,40,50438.2
02/07/2015,Wagon,54939,0,0.58,50,35393.19
03/07/2015,Coupe,69415,0,0.88,33,60745.4
04/07/2015,Sedan,34593,0,0.39,73,19662.98
05/07/2015,SUV,47249,1,0.12,84,38869.71
06/07/2015,Sedan,21432,0,0.4,36,18527.32
07/07/2015,Truck,42589,0,0.68,23,34927.1
08/07/2015,Sedan,23741,1,0.54,58,18533.39
09/07/2015,Wagon,27671,0,0.68,81,21148.43
10/07/2015,SUV,47352,0,0.64,37,33865.47
11/07/2015,Crossover,31097,1,0.44,18,22940.83
12/07/2015,Hatchback,22365,0,0.23,70,16122.47
13/07/2015,N/A,37713,1,0.82,29,32174.47
14/07/2015,Convertible,65448,0,0.41,71,43510.6
15/07/2015,Truck,48209,0,0.28,50,32084.87
16/07/2015,???,32919,1,0.34,44,28004.7
17/07/2015,Crossover,39057,0,0.13,53,22621.16
18/07/2015,Convertible,54750,0,0.87,50,43289.06
19/07/2015,Sedan,29911,0,0.47,21,23300.51
20/07/2015,Convertible,66211,0,0.25,14,40807.17
21/07/2015,MISC_VEHICLE,27024,0,0.29,36,17452.18
22/07/2015,Hatchback,34106,0,0.38,79,23124.64
23/07/2015,Crossover,31005,1,0.23,81,21279.3
24/07/2015,MISC_VEHICLE,35012,1,0.65,82,29553.15
25/07/2015,Wagon,50515,1,0.28,68,39858.66
26/07/2015,Sedan,31230,1,0.24,16,24165.18
27/07/2015,Convertible,62005,0,0.46,72,40813.05
28/07/2015,Truck,57005,1,0.47,24,52982.44
29/07/2015,Pickup,75279,0,0.06,67,44766.83
30/07/2015,Pickup,53631,1,0.64,20,53026.28
31/07/2015,Pickup,55039,0,0.42,83,35634.06
01/08/2015,Crossover,36900,0,0.3,39,25211.13
02/08/2015,Sedan,29154,0,0.32,69,19541.48
03/08/2015,Wagon,35663,0,0.31,17,20145.37
04/08/2015,Wagon,29038,1,0.6,52,27765.08
05/08/2015,Pickup,65920,0,0.46,49,51967.95
06/08/2015,N/A,35760,1,0.42,42,25755.27
07/08/2015,Crossover,30046,0,0.5,42,23126.24
08/08/2015,SUV,44035,0,0.25,24,27414.92
09/08/2015,Sedan,23155,0,0.26,75,17972.3
10/08/2015,Truck,46065,0,0.71,74,36558.91
11/08/2015,Hatchback,23209,1,0.32,79,14559.03
12/08/2015,Sedan,30585,0,0.58,33,20228.15
13/08/2015,SUV,38951,1,0.55,47,31742.81
14/08/2015,Van,31131,0,0.26,44,22715.54
15/08/2015,Truck,56974,0,0.57,15,37883.31
16/08/2015,Pickup,59097,0,0.58,43,42677.22
17/08/2015,Van,33559,0,0.7,67,21772.46
18/08/2015,Hatchback,23251,0,0.42,17,19846.94
19/08/2015,Hatchback,24147,0,0.77,26,19657.76
20/08/2015,Truck,68088,0,0.38,26,47141.47
21/08/2015,Wagon,49621,0,0.62,64,41288.38
22/08/2015,SUV,50513,0,0.75,55,31669.4
23/08/2015,Crossover,43258,1,0.3,82,31022.46
24/08/2015,Van,32176,0,0.35,71,22673.94
25/08/2015,Coupe,75083,1,0.18,83,52369.63
26/08/2015,SUV,34861,1,0.66,22,33831.37
27/08/2015,Sedan,24603,1,0.0,62,17786.67
28/08/2015,Sedan,26896,1,0.13,65,23089.32
29/08/2015,Van,32251,0,0.18,13,18955.84
30/08/2015,Pickup,87871,0,0.61,37,59058.16
31/08/2015,SUV,41906,0,0.59,26,31650.02
01/09/2015,Convertible,68618,0,0.67,78,49280.4
02/09/2015,Pickup,80046,0,0.39,52,62945.01
03/09/2015,Wagon,31080,0,0.75,73,24714.62
04/09/2015,Convertible,45620,1,0.35,69,37254.13
05/09/2015,Truck,47344,0,0.03,23,27743.59
06/09/2015,Truck,65980,0,0.6,64,58323.36
07/09/2015,Truck,55367,0,0.41,67,39410.78
08/09/2015,Truck,57522,0,0.15,65,37001.39
09/09/2015,Sedan,31633,0,0.83,42,27137.17
10/09/2015,Wagon,39497,0,0.76,31,28827.52
11/09/2015,SUV,35518,0,0.48,77,30784.52
12/09/2015,Van,57509,0,0.83,69,41698.54
13/09/2015,Truck,61222,0,0.77,37,53122.13
14/09/2015,Convertible,57165,0,0.75,48,44651.24
15/09/2015,Pickup,76483,0,0.28,25,57202.99
16/09/2015,Pickup,75507,0,0.19,39,52792.96
17/09/2015,Hatchback,28466,0,0.6,47,20436.33
18/09/2015,Crossover,40117,0,0.41,21,27191.94
19/09/2015,Pickup,80956,0,0.43,12,61713.1
20/09/2015,Coupe,46787,0,0.42,58,30268.76
21/09/2015,Hatchback,21024,0,0.54,17,15629.96
22/09/2015,Van,53082,1,0.05,48,35170.82
23/09/2015,Sedan,27500,0,0.3,70,20308.54
24/09/2015,Sedan,21248,0,0.24,54,14015.05
25/09/2015,Pickup,65537,1,0.61,67,54141.96
26/09/2015,SUV,42993,0,0.32,56,23986.72
27/09/2015,SUV,44165,0,0.15,12,28918.36
28/09/2015,Coupe,77961,1,0.15,76,60406.77
29/09/2015,Crossover,45502,1,0.7,83,39307.03
30/09/2015,Van,34178,0,0.5,64,21272.17
01/10/2015,Pickup,83775,0,0.19,75,57392.42
02/10/2015,Pickup,48040,1,0.68,42,35942.1
03/10/2015,Van,57825,0,0.24,30,44965.61
04/10/2015,SUV,52223,1,0.36,12,37562.33
05/10/2015,Coupe,65544,0,0.62,82,49428.55
06/10/2015,Truck,48023,0,0.56,46,30698.6
07/10/2015,Crossover,39783,0,0.52,77,30147.48
08/10/2015,Truck,49730,0,0.49,37,34917.18
09/10/2015,Hatchback,34063,0,0.35,26,20294.51
10/10/2015,Convertible,66564,0,0.63,54,43217.31
11/10/2015,Convertible,56271,1,0.07,26,33572.95
12/10/2015,Truck,57338,0,0.29,30,33254.77
13/10/2015,Van,36583,0,0.66,40,24522.48
14/10/2015,Truck,61271,0,0.7,60,44935.03
15/10/2015,Crossover,29185,0,0.29,24,19319.88
16/10/2015,Wagon,43541,0,0.15,47,27290.47
17/10/2015,Coupe,75957,1,0.39,56,57073.93
18/10/2015,Convertible,70137,0,0.62,37,42833.77
19/10/2015,Crossover,37130,0,0.7,35,30323.11
20/10/2015,Crossover,30917,0,0.52,71,21494.33
21/10/2015,Pickup,41272,1,0.23,66,32067.43
22/10/2015,Sedan,22402,1,0.53,32,18494.51
23/10/2015,Hatchback,31803,0,0.1,22,22084.71
24/10/2015,Pickup,47739,0,0.32,18,30611.47
25/10/2015,Truck,56012,0,0.21,53,38721.57
26/10/2015,Van,43863,0,0.55,84,28371.39
27/10/2015,Coupe,43441,0,0.46,71,31384.63
28/10/2015,Hatchback,22453,0,0.52,83,16253.73
29/10/2015,Coupe,73604,0,0.12,13,53045.56
30/10/2015,SUV,49060,0,0.53,41,38452.78
31/10/2015,Coupe,71479,1,0.26,42,55508.62
01/11/2015,Convertible,46278,0,0.26,66,31115.58
02/11/2015,Error,34997,1,0.47,41,22042.37
03/11/2015,Truck,60939,0,0.67,76,48343.83
04/11/2015,Hatchback,32945,0,0.08,43,20970.16
05/11/2015,Coupe,49969,0,0.16,34,33596.9
06/11/2015,SUV,38669,0,0.77,84,30516.9
07/11/2015,Truck,52041,0,0.69,66,36819.0
08/11/2015,Coupe,51970,1,0.69,23,48339.2
09/11/2015,Crossover,27558,0,0.59,17,21929.04
10/11/2015,Convertible,73998,1,0.31,46,54469.78
11/11/2015,SUV,39735,0,0.82,21,31193.42
12/11/2015,Pickup,70731,1,0.3,65,62188.31
13/11/2015,Van,41063,1,0.55,24,39227.67
14/11/2015,Wagon,31725,0,0.06,79,20385.41
15/11/2015,Van,50505,0,0.78,43,33363.66
16/11/2015,SUV,41358,0,0.33,16,25689.47
17/11/2015,Crossover,35045,0,0.72,42,31254.21
18/11/2015,Pickup,77973,0,0.27,84,58088.39
19/11/2015,Truck,51137,0,0.04,15,32215.75
20/11/2015,Wagon,51658,0,0.17,63,35672.94
21/11/2015,Coupe,55010,1,0.36,18,49583.57
22/11/2015,Coupe,73831,0,0.32,16,53736.19
23/11/2015,SUV,51568,0,0.14,32,34661.02
24/11/2015,Crossover,31162,0,0.28,64,21821.25
25/11/2015,Van,36307,0,0.45,74,29752.36
26/11/2015,Convertible,75472,0,0.32,63,41001.16
27/11/2015,SUV,38009,1,0.65,40,36904.92
28/11/2015,Hatchback,25630,0,0.27,20,17596.69
29/11/2015,SUV,37092,0,0.41,69,24258.67
30/11/2015,Wagon,55254,1,0.47,19,46970.48
01/12/2015,Wagon,49509,0,0.19,56,33588.98
02/12/2015,Sedan,25537,0,0.15,54,18587.66
03/12/2015,Truck,45882,0,0.55,69,29448.4
04/12/2015,Van,38816,1,0.78,39,37057.39
05/12/2015,Crossover,39834,0,0.52,75,26837.87
06/12/2015,Sedan,22601,1,0.35,84,16564.77
07/12/2015,SUV,45401,0,0.61,52,39443.23
08/12/2015,Convertible,66751,1,0.43,47,51382.16
09/12/2015,Wagon,47136,0,0.42,27,36422.09
10/12/2015,SUV,42775,0,0.11,29,27204.89
11/12/2015,Pickup,44567,0,0.35,33,32766.0
12/12/2015,Van,43707,0,0.45,32,32734.26
13/12/2015,Convertible,62228,1,0.63,29,57796.31
14/12/2015,Hatchback,35820,1,0.58,18,32062.16
15/12/2015,Coupe,63981,0,0.38,24,41176.31
16/12/2015,Hatchback,33335,0,0.38,55,26502.27
17/12/2015,Hatchback,19936,0,0.59,30,14989.87
18/12/2015,Convertible,52551,0,0.74,19,37189.14
19/12/2015,Wagon,51573,0,0.58,15,36999.74
20/12/2015,Crossover,42326,0,0.64,57,34764.77
21/12/2015,SUV,36997,1,0.35,69,24790.41
22/12/2015,Sedan,22440,0,0.51,31,16209.28
23/12/2015,Truck,52174,0,0.51,69,34898.53
24/12/2015,Van,39689,1,0.32,37,25080.39
25/12/2015,Hatchback,31919,0,0.19,49,20610.84
26/12/2015,Pickup,77694,0,0.5,15,53046.3
27/12/2015,Truck,62477,0,0.37,15,35136.82
28/12/2015,Wagon,26863,0,0.42,71,23536.4
29/12/2015,Sedan,24702,0,0.06,41,16191.01
30/12/2015,Hatchback,25193,1,0.35,56,23817.45
31/12/2015,Convertible,50314,0,0.25,58,38768.5
01/01/2016,Coupe,51425,0,0.47,31,41687.43
02/01/2016,Coupe,70323,1,0.27,20,63816.91
03/01/2016,Hatchback,24943,0,0.16,81,14581.98
04/01/2016,Truck,64977,1,0.13,80,43886.23
05/01/2016,Hatchback,28402,1,0.28,16,21928.45
06/01/2016,Crossover,45618,1,0.62,35,33667.61
07/01/2016,Coupe,54778,0,0.04,68,35986.04
08/01/2016,Wagon,41117,0,0.36,41,24859.77
09/01/2016,Convertible,47914,0,0.67,21,33977.61
10/01/2016,Coupe,74220,0,0.55,55,50989.07
11/01/2016,Van,54652,0,0.45,68,40196.17
12/01/2016,SUV,41399,1,0.25,26,25656.79
13/01/2016,Wagon,44468,1,0.49,82,32131.84
14/01/2016,Crossover,32629,1,0.6,48,28178.42
15/01/2016,SUV,48166,0,0.23,60,32347.93
16/01/2016,Pickup,71520,1,0.15,44,54829.53
17/01/2016,Van,54702,0,0.84,44,47966.68
18/01/2016,SUV,40888,0,0.17,60,28046.68
19/01/2016,Coupe,52186,1,0.29,16,46820.63
20/01/2016,Pickup,42858,0,0.67,62,29549.56
21/01/2016,Coupe,46184,1,0.13,70,31750.96
22/01/2016,Truck,47099,0,0.25,32,33386.2
23/01/2016,Van,44357,0,0.37,25,25172.86
24/01/2016,Pickup,45802,1,0.75,74,38758.19
25/01/2016,Wagon,40194,0,0.21,53,25062.75
26/01/2016,Coupe,66186,1,0.33,30,47446.84
27/01/2016,Wagon,35587,0,0.38,52,25435.66
28/01/2016,Hatchback,23625,1,0.29,59,19561.82
29/01/2016,SUV,53391,0,0.52,13,34593.51
30/01/2016,Truck,54167,1,0.35,51,38855.07
31/01/2016,Sedan,26253,0,0.78,59,21352.44
01/02/2016,Van,38834,0,0.22,43,23875.55
02/02/2016,Convertible,53634,1,0.5,32,41640.75
03/02/2016,SUV,37602,1,0.93,70,34015.53
04/02/2016,Hatchback,26723,0,0.07,31,17118.07
05/02/2016,Hatchback,17482,0,0.81,61,14188.06
06/02/2016,Pickup,68805,1,0.42,84,61871.94
07/02/2016,SUV,47788,1,0.27,32,40949.96
08/02/2016,Crossover,39359,0,0.28,69,25553.5
09/02/2016,Convertible,55147,0,0.67,22,39121.23
10/02/2016,Truck,54953,0,0.45,77,38721.23
11/02/2016,Wagon,29908,0,0.32,31,15673.81
12/02/2016,Wagon,31559,0,0.59,15,22199.13
13/02/2016,Coupe,78518,0,0.17,57,51732.92
14/02/2016,Van,46379,0,0.73,17,35803.47
15/02/2016,N/A,71856,0,0.52,49,53775.11
16/02/2016,Hatchback,30520,0,0.44,36,16939.5
17/02/2016,Crossover,41234,0,0.56,62,39594.78
18/02/2016,Truck,48908,1,0.64,84,44497.6
19/02/2016,Convertible,72952,0,0.78,25,62051.3
20/02/2016,Hatchback,35296,0,0.24,20,22539.04
21/02/2016,Wagon,42396,1,0.1,70,34715.71
22/02/2016,Pickup,47158,0,0.7,13,39552.92
23/02/2016,Coupe,41408,0,0.38,59,27650.15
24/02/2016,Truck,46339,1,0.63,32,38177.5
25/02/2016,Van,41590,0,0.06,84,32650.76
26/02/2016,Van,57716,1,0.83,76,44624.48
27/02/2016,Convertible,47435,0,0.26,58,26592.87
28/02/2016,Truck,61159,0,0.66,31,50919.95
29/02/2016,Truck,65599,0,0.11,33,43369.8
01/03/2016,Truck,58600,0,0.29,66,44256.3
02/03/2016,Wagon,39560,0,0.61,28,23892.53
03/03/2016,Coupe,45521,0,0.41,76,30701.81
04/03/2016,Sedan,29917,0,0.37,67,19179.84
05/03/2016,Coupe,58057,0,0.81,31,47276.11
06/03/2016,Crossover,44098,0,0.3,65,27867.18
07/03/2016,Pickup,45794,0,0.44,32,35953.0
08/03/2016,Convertible,60674,1,0.39,22,41391.65
09/03/2016,Sedan,33176,0,0.39,83,20486.03
10/03/2016,???,36779,0,0.8,80,22945.31
11/03/2016,Convertible,65591,0,0.27,58,41581.89
12/03/2016,SUV,38388,0,0.63,47,30463.17
13/03/2016,Truck,45123,0,0.69,26,32556.3
14/03/2016,SUV,39904,0,0.69,62,29352.54
15/03/2016,Crossover,38219,0,0.64,50,27803.8
16/03/2016,Van,57282,0,0.84,49,51501.51
17/03/2016,Wagon,50704,0,0.38,46,30472.34
18/03/2016,Convertible,70002,0,0.81,73,52486.64
19/03/2016,Pickup,48037,1,0.09,32,37319.81
20/03/2016,SUV,42620,0,0.24,64,33104.84
21/03/2016,SUV,37920,1,0.56,52,35494.97
22/03/2016,Wagon,43301,0,0.5,68,31226.61
23/03/2016,Sedan,31927,0,0.31,48,18694.97
24/03/2016,Hatchback,29412,0,0.34,29,23623.46
25/03/2016,Sedan,33960,0,0.67,45,27434.71
26/03/2016,Wagon,45526,0,0.61,61,36537.29
27/03/2016,Wagon,47293,0,0.88,15,33932.39
28/03/2016,Coupe,76980,0,0.08,61,54993.88
29/03/2016,Hatchback,18948,0,0.74,46,16277.57
30/03/2016,Van,28542,1,0.84,70,28220.17
31/03/2016,Van,30079,0,0.22,79,22876.96
01/04/2016,Pickup,40846,0,0.22,64,28520.84
02/04/2016,Truck,57866,1,0.58,57,51794.1
03/04/2016,Hatchback,27180,1,0.39,12,20987.68
04/04/2016,Wagon,42388,0,0.48,22,33776.12
05/04/2016,Sedan,25196,1,0.68,35,22175.43
06/04/2016,Hatchback,35468,0,0.64,47,29495.16
07/04/2016,Hatchback,18463,0,0.04,22,11548.85
08/04/2016,Hatchback,18469,0,0.72,23,18066.19
09/04/2016,Truck,47780,1,0.49,81,42706.0
10/04/2016,Crossover,31918,0,0.31,34,19665.71
11/04/2016,Pickup,81464,0,0.79,62,67252.8
12/04/2016,Van,39851,1,0.1,84,25249.49
13/04/2016,Sedan,27608,1,0.7,30,18301.65
14/04/2016,Truck,46384,0,0.86,72,40108.26
15/04/2016,SUV,47981,1,0.24,78,34805.15
16/04/2016,Crossover,39319,0,0.7,52,27312.1
17/04/2016,Wagon,53133,1,0.0,30,35878.54
18/04/2016,Crossover,36291,0,0.07,78,23690.59
19/04/2016,Pickup,48511,0,0.07,19,31512.23
20/04/2016,Pickup,53770,1,0.66,74,37157.0
21/04/2016,Pickup,61233,0,0.26,41,45715.14
22/04/2016,Truck,52485,1,0.67,45,42780.57
23/04/2016,Truck,48095,1,0.56,28,44753.57
24/04/2016,Crossover,35980,0,0.19,24,21959.35
25/04/2016,SUV,43848,0,0.27,66,33074.59
26/04/2016,Convertible,62528,1,0.47,41,52788.76
27/04/2016,Hatchback,28507,0,0.69,42,28435.91
28/04/2016,Convertible,68602,0,0.47,83,48887.94
29/04/2016,Van,27845,0,0.43,64,22738.87
30/04/2016,Coupe,58600,0,0.58,23,50534.84
01/05/2016,SUV,37869,1,0.57,60,37442.0
02/05/2016,Sedan,30999,1,0.63,49,22840.84
03/05/2016,Wagon,50228,0,0.34,55,41657.73
04/05/2016,Pickup,58583,0,0.57,45,40205.41
05/05/2016,Van,47048,1,0.42,60,37435.82
06/05/2016,Wagon,51013,0,0.27,40,30790.15
07/05/2016,Pickup,61607,0,0.2,32,42657.63
08/05/2016,Hatchback,15912,1,0.59,84,13434.74
09/05/2016,Truck,52014,0,0.18,59,32262.74
10/05/2016,Pickup,41192,0,0.17,82,28919.77
11/05/2016,SUV,44372,1,0.67,27,35945.91
12/05/2016,Coupe,71380,0,0.59,56,49089.96
13/05/2016,Pickup,57290,1,0.05,14,48399.66
14/05/2016,Hatchback,33936,0,0.22,32,23741.58
15/05/2016,Truck,61631,0,0.21,21,40633.66
16/05/2016,Hatchback,28709,0,0.51,35,24386.35
17/05/2016,Sedan,27817,1,0.23,14,21372.59
18/05/2016,Sedan,25745,0,0.54,36,17964.67
19/05/2016,Crossover,42421,0,0.64,58,29767.81
20/05/2016,Crossover,29770,0,0.02,58,19255.41
21/05/2016,SUV,48220,0,0.03,36,34471.26
22/05/2016,Crossover,33908,0,0.39,18,27860.03
23/05/2016,Truck,64287,1,0.54,83,50772.28
24/05/2016,Van,44385,0,0.19,39,27861.56
25/05/2016,Convertible,61059,0,0.9,20,45874.09
26/05/2016,Wagon,37891,0,0.65,43,25261.88
27/05/2016,Pickup,83379,0,0.32,68,60363.25
28/05/2016,Crossover,34191,1,0.66,39,32322.14
29/05/2016,Sedan,19856,1,0.41,65,15682.63
30/05/2016,Pickup,79966,0,0.64,63,63742.66
31/05/2016,Wagon,48857,0,0.31,26,30076.22
01/06/2016,Crossover,33799,1,0.51,73,33417.89
02/06/2016,SUV,46356,0,0.07,17,27500.05
03/06/2016,Sedan,30408,1,0.76,22,26421.79
04/06/2016,Coupe,69655,0,0.76,59,46734.78
05/06/2016,Crossover,40091,0,0.15,29,25056.17
06/06/2016,Convertible,68281,0,0.72,15,63806.62
07/06/2016,SUV,38199,1,0.39,77,31152.72
08/06/2016,Wagon,48362,1,0.76,76,45678.08
09/06/2016,Sedan,26234,0,0.68,55,18666.12
10/06/2016,Crossover,36788,1,0.28,54,29362.44
11/06/2016,Crossover,29618,1,0.61,33,29284.04
12/06/2016,Pickup,76897,0,0.61,21,59402.88
13/06/2016,Coupe,58252,1,0.88,43,54859.52
14/06/2016,Convertible,63542,0,0.18,46,42752.39
15/06/2016,Convertible,64326,0,0.67,56,42338.33
16/06/2016,Van,48314,0,0.7,12,37006.22
17/06/2016,Van,50513,0,0.84,52,37383.16
18/06/2016,Crossover,39249,0,0.31,79,27736.85
19/06/2016,Wagon,40564,0,0.46,30,23311.48
20/06/2016,Convertible,69418,1,0.66,16,64273.57
21/06/2016,Van,40731,0,0.56,19,26359.76
22/06/2016,Truck,63421,0,0.67,79,48524.71
23/06/2016,Truck,48511,0,0.29,38,32180.41
24/06/2016,Van,59904,1,0.45,15,41870.98
25/06/2016,Pickup,65854,0,0.27,34,54693.5
26/06/2016,Hatchback,23185,0,0.29,65,16810.65
27/06/2016,Pickup,82996,0,0.19,72,61892.37
28/06/2016,Truck,55358,1,0.34,47,41776.13
29/06/2016,MISC_VEHICLE,20035,1,0.2,62,16001.75
30/06/2016,Coupe,59213,1,0.62,65,53909.04
01/07/2016,Sedan,30946,0,0.5,43,22097.02
02/07/2016,Pickup,47881,1,0.16,28,31457.39
03/07/2016,Van,43044,0,0.76,76,31685.66
04/07/2016,Truck,57947,1,0.46,77,52683.72
05/07/2016,Convertible,47576,1,0.28,50,35873.39
06/07/2016,Pickup,74696,0,0.16,84,53895.99
07/07/2016,Coupe,41810,1,0.8,74,34082.75
08/07/2016,Convertible,52334,0,0.3,26,39262.35
09/07/2016,Van,37046,0,0.56,46,27238.87
10/07/2016,Crossover,32357,0,0.39,70,23602.14
11/07/2016,Coupe,59337,1,0.2,76,39803.61
12/07/2016,Coupe,77065,0,0.71,30,62465.94
13/07/2016,Crossover,33026,0,0.53,13,24834.98
14/07/2016,Truck,53160,0,0.71,27,49125.76
15/07/2016,Truck,59446,0,0.23,23,32451.56
16/07/2016,Hatchback,36546,0,0.22,68,25849.21
17/07/2016,Hatchback,21165,0,0.34,61,18394.62
18/07/2016,Truck,58658,0,0.75,24,42338.02
19/07/2016,Convertible,60645,0,0.66,65,50448.99
20/07/2016,Van,55553,0,0.8,68,34056.71
21/07/2016,Crossover,38454,1,0.32,73,32642.48
22/07/2016,SUV,47251,0,0.29,60,34767.44
23/07/2016,Truck,58604,0,0.74,13,40741.17
24/07/2016,Crossover,33188,0,0.54,40,21887.27
25/07/2016,Van,47016,0,0.63,30,36892.06
26/07/2016,SUV,47376,0,0.46,17,30242.06
27/07/2016,Crossover,39965,0,0.42,70,28489.37
28/07/2016,SUV,47690,0,0.2,21,29158.84
29/07/2016,Coupe,44839,1,0.21,33,32948.09
30/07/2016,Pickup,81969,0,0.46,18,46414.13
31/07/2016,Van,29095,1,0.39,57,19887.31
01/08/2016,Coupe,46987,0,0.56,38,29182.84
02/08/2016,Truck,64145,0,0.88,39,53718.8
03/08/2016,Van,32963,0,0.3,30,24390.56
04/08/2016,Sedan,27267,0,0.24,51,16420.72
05/08/2016,MISC_VEHICLE,19050,0,0.16,74,12247.08
06/08/2016,Hatchback,25229,1,0.29,61,20832.44
07/08/2016,Crossover,28445,0,0.7,21,22916.3
08/08/2016,Truck,52441,1,0.57,57,44771.68
09/08/2016,Coupe,73027,0,0.93,19,56606.38
10/08/2016,Crossover,38087,0,0.56,71,23558.39
11/08/2016,Coupe,65854,0,0.66,13,50142.38
12/08/2016,Coupe,61316,0,0.45,48,43680.55
13/08/2016,SUV,41679,0,0.66,69,32893.11
14/08/2016,Van,59386,0,0.42,79,37428.85
15/08/2016,Sedan,31532,0,0.11,12,23785.17
16/08/2016,Hatchback,23118,0,0.56,32,19192.99
17/08/2016,Truck,48840,1,0.53,79,35827.41
18/08/2016,Van,30791,0,0.54,34,19537.94
19/08/2016,Crossover,45286,1,0.73,57,34937.93
20/08/2016,Hatchback,22884,0,0.42,72,15903.28
21/08/2016,Truck,63762,0,0.41,16,46961.39
22/08/2016,Sedan,26061,1,0.49,68,24581.16
23/08/2016,Pickup,87933,0,0.49,43,66114.96
24/08/2016,Convertible,69380,0,0.25,77,38058.26
25/08/2016,SUV,51929,0,0.18,43,34165.13
26/08/2016,Crossover,31375,0,0.38,45,18531.43
27/08/2016,Convertible,46737,0,0.37,26,31980.77
28/08/2016,Wagon,52137,1,0.26,44,44472.13
29/08/2016,Truck,46757,0,0.6,76,32891.06
30/08/2016,SUV,38798,0,0.43,59,34402.84
31/08/2016,Sedan,26483,1,0.53,37,24733.48
01/09/2016,Hatchback,35173,0,0.45,64,25916.56
02/09/2016,Sedan,27013,0,0.55,40,18223.66
03/09/2016,Crossover,33937,0,0.55,67,28308.25
04/09/2016,Pickup,80701,1,0.41,62,55536.69
05/09/2016,Convertible,46944,0,0.8,52,37971.97
06/09/2016,Truck,46656,0,0.28,29,39552.59
07/09/2016,SUV,46291,0,0.46,68,35857.09
08/09/2016,Van,40488,1,0.39,56,38074.97
09/09/2016,Van,52850,1,0.21,78,40286.17
10/09/2016,Coupe,48748,0,0.04,73,33430.59
11/09/2016,Van,33490,0,0.58,41,22077.16
12/09/2016,Sedan,22446,1,0.7,59,20575.4
13/09/2016,Wagon,43216,0,0.43,73,34802.76
14/09/2016,Crossover,41115,0,0.44,75,28455.99
15/09/2016,Convertible,45517,0,0.78,40,41174.8
16/09/2016,Convertible,63545,0,0.56,47,54886.68
17/09/2016,Hatchback,23232,0,0.14,19,14987.33
18/09/2016,Pickup,83677,0,0.43,21,61961.12
19/09/2016,Sedan,24669,0,0.5,34,16970.87
20/09/2016,Sedan,21542,0,0.35,78,16613.29
21/09/2016,Sedan,28190,0,0.62,24,19414.43
22/09/2016,Convertible,52925,0,0.71,15,40285.05
23/09/2016,Convertible,51184,1,0.51,44,42553.46
24/09/2016,Sedan,26531,0,0.0,32,15737.72
25/09/2016,Hatchback,20663,1,0.64,67,18558.43
26/09/2016,Wagon,43955,0,0.5,29,28776.42
27/09/2016,Sedan,24604,0,0.68,38,17027.66
28/09/2016,Crossover,30560,0,0.6,27,22442.6
29/09/2016,Sedan,24499,0,0.4,65,16782.21
30/09/2016,Hatchback,21682,0,0.06,35,12619.91
01/10/2016,MISC_VEHICLE,50830,0,0.46,69,35074.18
02/10/2016,Hatchback,23464,0,0.69,30,20037.82
03/10/2016,Crossover,30741,0,0.17,35,16771.1
04/10/2016,SUV,41807,0,0.54,16,31873.81
05/10/2016,SUV,47324,1,0.46,49,44937.43
06/10/2016,SUV,39606,0,0.25,32,24657.01
07/10/2016,Convertible,62519,0,0.64,65,51225.48
08/10/2016,Truck,50429,0,0.08,33,30297.24
09/10/2016,Sedan,33223,0,0.06,44,19944.0
10/10/2016,Wagon,29218,0,0.61,39,21616.73
11/10/2016,SUV,43076,1,0.64,65,42091.56
12/10/2016,Wagon,49284,0,0.74,40,36510.23
13/10/2016,Sedan,25195,0,0.14,57,19314.81
14/10/2016,Convertible,63462,1,0.7,59,55762.13
15/10/2016,Convertible,65742,1,0.05,62,42263.76
16/10/2016,???,43651,0,0.67,19,42593.04
17/10/2016,Hatchback,21956,0,0.29,64,15234.34
18/10/2016,Error,28044,1,0.73,30,19984.87
19/10/2016,MISC_VEHICLE,41264,0,0.35,31,23570.17
20/10/2016,Wagon,42075,0,0.38,14,29411.69
21/10/2016,Pickup,54272,0,0.11,34,31227.7
22/10/2016,Wagon,42763,0,0.11,50,27197.52
23/10/2016,Van,58118,0,0.63,37,43503.47
24/10/2016,SUV,40422,0,0.91,33,33963.68
25/10/2016,Convertible,57319,0,0.53,80,37241.68
26/10/2016,Crossover,29707,0,0.46,55,22156.76
27/10/2016,Convertible,65394,0,0.68,68,47678.85
28/10/2016,Hatchback,26615,0,0.64,59,20959.74
29/10/2016,Wagon,35264,1,0.47,74,28528.83
30/10/2016,Sedan,25092,1,0.25,84,17860.82
31/10/2016,Coupe,61265,0,0.16,59,32360.14
01/11/2016,Convertible,71876,0,0.71,73,51032.05
02/11/2016,Sedan,21165,0,0.36,71,16076.79
03/11/2016,Coupe,61930,0,0.42,43,37605.15
04/11/2016,Coupe,56456,0,0.12,33,39957.23
05/11/2016,Coupe,46644,0,0.28,17,30988.27
06/11/2016,Truck,58976,0,0.39,42,43606.01
07/11/2016,Hatchback,35120,0,0.37,33,20616.27
08/11/2016,Crossover,36874,0,0.53,65,29380.29
09/11/2016,Error,23298,0,0.17,83,14856.21
10/11/2016,Convertible,58374,0,0.78,70,43456.55
11/11/2016,Hatchback,24103,1,0.16,13,17877.88
12/11/2016,Sedan,24978,1,0.61,24,19824.92
13/11/2016,Hatchback,32529,0,0.15,26,23627.33
14/11/2016,Crossover,31819,0,0.21,63,20377.9
15/11/2016,Pickup,70048,1,0.83,55,63764.91
16/11/2016,SUV,37993,0,0.09,68,23694.34
17/11/2016,Sedan,24040,0,0.04,54,18684.09
18/11/2016,Sedan,34119,0,0.73,51,26766.51
19/11/2016,Coupe,50454,0,0.7,65,37418.68
20/11/2016,Sedan,24399,0,0.24,32,17544.46
21/11/2016,Wagon,30501,0,0.38,17,19652.61
22/11/2016,Coupe,41865,1,0.67,79,36440.26
23/11/2016,MISC_VEHICLE,31562,1,0.16,43,23457.38
24/11/2016,Van,36305,0,0.81,67,27046.23
25/11/2016,Sedan,24231,0,0.53,74,17882.66
26/11/2016,Wagon,44852,0,0.18,38,30064.46
27/11/2016,Wagon,52247,0,0.21,36,43546.79
28/11/2016,Truck,46911,0,0.08,84,28918.19
29/11/2016,Wagon,39963,0,0.28,78,30453.18
30/11/2016,Sedan,22977,0,0.84,55,19032.5
01/12/2016,SUV,37764,0,0.5,15,31745.32
02/12/2016,Convertible,51382,0,0.31,41,34431.06
03/12/2016,Hatchback,31152,1,0.65,73,29248.69
04/12/2016,Van,49070,0,0.85,63,36407.96
05/12/2016,Pickup,72746,0,0.37,81,54358.54
06/12/2016,Convertible,49934,0,0.03,34,33040.3
07/12/2016,Error,52585,0,0.89,83,45689.86
08/12/2016,Hatchback,20282,0,0.05,80,10821.38
09/12/2016,???,44439,0,0.56,22,34634.0
10/12/2016,Convertible,47219,1,0.73,75,40914.45
11/12/2016,Coupe,42370,1,0.0,69,29084.31
12/12/2016,SUV,47458,0,0.14,12,30774.97
13/12/2016,Wagon,56955,0,0.38,74,41416.27
14/12/2016,Crossover,32383,1,0.58,19,29496.2
15/12/2016,Sedan,27479,0,0.28,49,18570.45
16/12/2016,Coupe,45025,0,0.13,26,27029.13
17/12/2016,Sedan,26388,0,0.81,17,17543.02
18/12/2016,Crossover,27715,0,0.18,16,15154.27
19/12/2016,Coupe,42742,0,0.84,28,31434.1
20/12/2016,Convertible,59376,0,0.57,74,43727.48
21/12/2016,Truck,64607,0,0.37,43,46570.85
22/12/2016,Wagon,42488,0,0.24,61,24290.76
23/12/2016,MISC_VEHICLE,42768,0,0.52,48,31245.28
24/12/2016,Van,31789,0,0.82,73,23447.27
25/12/2016,Crossover,44645,1,0.48,19,39620.12
26/12/2016,Pickup,44535,0,0.86,68,31768.52
27/12/2016,Crossover,34366,1,0.51,54,27048.95
28/12/2016,Convertible,69431,0,0.88,15,54070.16
29/12/2016,Coupe,77794,1,0.56,84,60938.59
30/12/2016,Van,41549,0,0.25,78,26959.76
31/12/2016,Sedan,30322,1,0.48,52,22370.87
01/01/2017,Coupe,72853,1,0.82,33,72031.54
02/01/2017,Crossover,40501,0,0.42,29,32792.39
03/01/2017,Pickup,62733,0,0.43,58,47123.92
04/01/2017,Unknown,43127,1,0.53,36,35736.08
05/01/2017,MISC_VEHICLE,39983,1,0.0,59,32324.92
06/01/2017,Truck,50112,0,0.57,56,40633.17
07/01/2017,Sedan,26220,1,0.88,53,24175.19
08/01/2017,Sedan,30165,0,0.17,27,17391.02
09/01/2017,Crossover,46123,0,0.44,13,26432.55
10/01/2017,Wagon,45377,0,0.33,23,26225.67
11/01/2017,Sedan,23271,0,0.67,80,14621.6
12/01/2017,Van,32112,0,0.43,41,20939.61
13/01/2017,Crossover,26332,0,0.56,48,20811.35
14/01/2017,Van,45675,0,0.16,32,28061.98
15/01/2017,Convertible,71751,0,0.35,47,51264.36
16/01/2017,SUV,41605,1,0.45,30,36510.41
17/01/2017,Coupe,47613,0,0.34,47,28821.37
18/01/2017,Truck,58227,0,0.8,68,38251.64
19/01/2017,Van,34153,0,0.11,48,20779.44
20/01/2017,Van,57246,1,0.26,20,35465.71
21/01/2017,Convertible,51960,1,0.53,46,46518.85
22/01/2017,Truck,44817,0,0.4,13,35043.45
23/01/2017,Wagon,33169,1,0.36,42,26818.87
24/01/2017,MISC_VEHICLE,29209,0,0.78,37,18481.75
25/01/2017,Sedan,28526,0,0.16,58,20143.45
26/01/2017,Crossover,44450,0,0.08,51,25235.98
27/01/2017,Truck,60540,0,0.79,65,44484.21
28/01/2017,SUV,38463,0,0.06,21,24594.07
29/01/2017,Wagon,52185,0,0.62,53,41331.51
30/01/2017,Coupe,71451,0,0.28,38,45661.22
31/01/2017,SUV,41412,0,0.41,84,31600.81
01/02/2017,Pickup,66055,0,0.19,31,37677.31
02/02/2017,SUV,47797,0,0.61,38,31904.73
03/02/2017,Pickup,47485,0,0.79,39,35035.34
04/02/2017,Convertible,63940,0,0.52,29,38192.48
05/02/2017,SUV,38968,1,0.28,81,29436.36
06/02/2017,Van,39001,0,0.54,67,25734.35
07/02/2017,Sedan,33939,0,0.67,78,24116.76
08/02/2017,Hatchback,29266,0,0.45,81,20205.94
09/02/2017,Sedan,28799,1,0.2,57,22192.28
10/02/2017,Sedan,28648,0,0.38,16,22030.95
11/02/2017,Van,53806,0,0.66,54,43225.76
12/02/2017,Truck,57831,0,0.22,43,41339.0
13/02/2017,???,43522,1,0.56,36,34786.81
14/02/2017,SUV,48240,1,0.16,83,37761.83
15/02/2017,Van,41755,0,0.76,65,37639.75
16/02/2017,Unknown,68656,0,0.77,78,53639.67
17/02/2017,Crossover,45856,0,0.29,81,29389.9
18/02/2017,Truck,48072,0,0.06,31,35170.61
19/02/2017,Van,48671,0,0.65,56,33431.23
20/02/2017,Pickup,86174,0,0.41,54,65798.2
21/02/2017,Van,40000,1,0.07,37,30366.28
22/02/2017,Error,56332,0,0.54,62,39031.59
23/02/2017,Convertible,75597,0,0.21,22,50355.15
24/02/2017,Truck,54393,0,0.66,53,35871.98
25/02/2017,Truck,60038,0,0.26,58,42273.63
26/02/2017,Convertible,56764,1,0.6,23,53983.75
27/02/2017,Hatchback,19255,1,0.91,65,17149.69
28/02/2017,Coupe,71574,0,0.67,22,45370.89
01/03/2017,Pickup,77870,1,0.39,68,57166.39
02/03/2017,Coupe,71746,0,0.38,46,52888.66
03/03/2017,Sedan,33245,0,0.38,56,23820.54
04/03/2017,Wagon,44077,0,0.26,58,27783.07
05/03/2017,Coupe,63207,0,0.64,18,44874.97
06/03/2017,SUV,37567,0,0.14,61,20842.03
07/03/2017,Van,53517,0,0.28,45,35781.9
08/03/2017,Unknown,57223,0,0.12,82,44298.76
09/03/2017,Pickup,70531,0,0.31,47,42149.82
10/03/2017,Pickup,91628,0,0.82,58,66276.61
11/03/2017,Van,54712,0,0.72,59,43008.8
12/03/2017,Van,45609,0,0.53,23,36473.45
13/03/2017,SUV,35334,0,0.62,69,30846.68
14/03/2017,Crossover,34767,0,0.13,30,23771.11
15/03/2017,Hatchback,32355,0,0.36,23,21379.64
16/03/2017,Convertible,48103,1,0.24,40,31388.36
17/03/2017,Hatchback,29229,0,0.24,65,23308.04
18/03/2017,Convertible,73073,0,0.69,69,61446.17
19/03/2017,Crossover,41741,1,0.55,33,36153.46
20/03/2017,Coupe,65303,1,0.5,66,56468.65
21/03/2017,Convertible,54623,0,0.03,60,39363.36
22/03/2017,Coupe,47175,1,0.63,64,39661.23
23/03/2017,Crossover,40064,0,0.65,14,25116.38
24/03/2017,Truck,57043,0,0.8,30,48523.97
25/03/2017,Wagon,48530,0,0.56,62,36610.15
26/03/2017,Wagon,50124,0,0.74,20,44726.38
27/03/2017,Hatchback,25332,0,0.1,52,17960.9
28/03/2017,Sedan,32859,0,0.62,83,23789.97
29/03/2017,Pickup,75086,0,0.32,37,43235.86
30/03/2017,Pickup,45706,0,0.53,80,30546.1
31/03/2017,SUV,38877,0,0.46,29,32401.35
01/04/2017,Pickup,90336,0,0.51,20,60662.51
02/04/2017,Van,57382,0,0.23,78,34358.17
03/04/2017,Coupe,52111,1,0.2,56,44345.59
04/04/2017,Pickup,86644,0,0.56,77,65883.59
05/04/2017,SUV,40379,1,0.15,66,33104.26
06/04/2017,Truck,54190,0,0.84,56,41231.45
07/04/2017,Pickup,85666,0,0.8,34,56382.81
08/04/2017,Truck,55781,1,0.22,71,44458.98
09/04/2017,Truck,58344,1,0.57,60,57686.13
10/04/2017,Truck,59584,0,0.37,49,35248.22
11/04/2017,Convertible,52827,1,0.21,46,44056.25
12/04/2017,Wagon,36439,1,0.58,36,30190.86
13/04/2017,Coupe,42777,0,0.64,34,32993.76
14/04/2017,SUV,44340,0,0.57,34,28433.87
15/04/2017,SUV,38268,0,0.21,53,26801.08
16/04/2017,Van,58782,0,0.45,68,44332.36
17/04/2017,Crossover,28513,0,0.49,31,20142.55
18/04/2017,Hatchback,19354,0,0.47,36,14983.14
19/04/2017,Pickup,75776,1,0.23,17,46653.72
20/04/2017,SUV,50685,0,0.64,35,28794.91
21/04/2017,Sedan,31195,0,0.36,73,20048.14
22/04/2017,Pickup,43999,0,0.52,27,34735.41
23/04/2017,Truck,48630,0,0.26,84,34373.13
24/04/2017,Truck,49395,0,0.25,66,35775.3
25/04/2017,Pickup,54722,0,0.53,81,41554.3
26/04/2017,Convertible,57466,0,0.34,29,37887.83
27/04/2017,Van,34864,1,0.16,74,28745.19
28/04/2017,Pickup,47302,1,0.15,63,32502.13
29/04/2017,Hatchback,17078,1,0.8,24,16885.43
30/04/2017,Crossover,38440,0,0.6,74,27487.03
01/05/2017,Pickup,85895,0,0.19,53,54104.31
02/05/2017,Wagon,43500,0,0.32,84,28335.05
03/05/2017,SUV,40724,0,0.14,51,26958.81
04/05/2017,Hatchback,30136,0,0.77,42,20970.38
05/05/2017,Convertible,58514,0,0.65,81,44890.66
06/05/2017,Truck,46864,0,0.5,70,30167.31
07/05/2017,Wagon,30908,0,0.73,66,21015.95
08/05/2017,Sedan,28085,1,0.44,60,19326.36
09/05/2017,Coupe,60666,1,0.2,53,44898.01
10/05/2017,Convertible,63429,1,0.31,35,41839.99
11/05/2017,Coupe,59734,0,0.51,35,36383.04
12/05/2017,Truck,53328,0,0.67,49,38123.16
13/05/2017,Truck,53444,0,0.72,70,43543.52
14/05/2017,Van,50608,0,0.76,20,42976.15
15/05/2017,Wagon,44552,0,0.57,14,31066.78
16/05/2017,Wagon,47015,1,0.22,82,31261.36
17/05/2017,Pickup,86103,1,0.6,61,69828.32
18/05/2017,Hatchback,33691,0,0.6,59,30991.13
19/05/2017,Van,53577,0,0.54,74,41001.62
20/05/2017,Sedan,21915,0,0.09,61,14178.14
21/05/2017,SUV,42474,0,0.22,61,24794.51
22/05/2017,Wagon,44717,0,0.71,72,41047.22
23/05/2017,Van,59193,0,0.24,82,42907.36
24/05/2017,Pickup,62440,0,0.43,13,37577.62
25/05/2017,Pickup,49574,0,0.3,33,32276.0
26/05/2017,SUV,38316,0,0.29,69,25483.35
27/05/2017,Van,47453,0,0.62,80,31018.77
28/05/2017,Truck,59288,0,0.7,77,43078.71
29/05/2017,Van,36985,1,0.58,66,35133.49
30/05/2017,Sedan,31868,1,0.51,15,25282.11
31/05/2017,SUV,40094,0,0.48,39,25831.17
01/06/2017,Convertible,73743,1,0.06,45,47530.44
02/06/2017,Crossover,33943,0,0.31,29,25096.77
03/06/2017,Sedan,21543,0,0.73,29,17997.58
04/06/2017,Truck,47199,0,0.18,82,33013.05
05/06/2017,Crossover,45301,0,0.39,60,32976.5
06/06/2017,Hatchback,20275,0,0.0,53,13915.72
07/06/2017,Truck,56989,0,0.73,49,51929.23
08/06/2017,Coupe,41043,0,0.53,82,27571.52
09/06/2017,Pickup,81663,0,0.31,33,56941.0
10/06/2017,Truck,52589,0,0.79,41,38714.32
11/06/2017,Convertible,54797,0,0.46,67,36036.72
12/06/2017,Wagon,31265,0,0.06,46,19838.14
13/06/2017,Sedan,30519,0,0.17,62,20197.52
14/06/2017,Hatchback,29135,0,0.26,65,19088.52
15/06/2017,Sedan,32117,1,0.8,70,29739.78
16/06/2017,Hatchback,19383,0,0.33,79,15226.23
17/06/2017,Convertible,64893,0,0.13,23,41807.6
18/06/2017,N/A,87386,0,0.26,69,52447.58
19/06/2017,SUV,37235,0,0.22,37,24680.05
20/06/2017,Crossover,35278,0,0.58,68,28994.81
21/06/2017,SUV,36384,1,0.32,49,33346.71
22/06/2017,Crossover,39471,0,0.18,45,27710.67
23/06/2017,Pickup,62509,1,0.58,54,53345.5
24/06/2017,Sedan,25281,0,0.63,21,18441.54
25/06/2017,SUV,45942,1,0.38,74,31646.51
26/06/2017,Truck,56624,1,0.53,43,48517.04
27/06/2017,Sedan,27476,0,0.52,47,16786.09
28/06/2017,Pickup,50822,0,0.16,36,35323.05
29/06/2017,Hatchback,24036,0,0.23,28,12829.89
30/06/2017,Pickup,58100,0,0.27,20,35698.77
01/07/2017,Sedan,25482,0,0.62,69,20434.66
02/07/2017,Hatchback,32531,0,0.08,28,18946.98
03/07/2017,Van,31775,0,0.17,25,18886.29
04/07/2017,Error,53129,0,0.4,58,36671.56
05/07/2017,Pickup,51316,0,0.53,30,37488.11
06/07/2017,Crossover,39333,0,0.25,60,27121.19
07/07/2017,Hatchback,32589,1,0.44,44,23899.42
08/07/2017,Wagon,51408,0,0.83,83,42230.19
09/07/2017,Hatchback,33169,0,0.61,35,22416.21
10/07/2017,Unknown,27437,0,0.28,27,16584.91
11/07/2017,Convertible,58224,0,0.33,82,48602.56
12/07/2017,Crossover,31518,0,0.56,56,21536.73
13/07/2017,Truck,51128,0,0.33,13,30036.41
14/07/2017,Sedan,32588,1,0.32,37,29288.69
15/07/2017,Van,40580,0,0.75,34,34252.63
16/07/2017,SUV,48880,1,0.76,66,42234.12
17/07/2017,SUV,43882,1,0.38,45,37791.16
18/07/2017,Coupe,45535,1,0.19,23,36280.37
19/07/2017,Coupe,71851,0,0.33,59,44891.99
20/07/2017,Van,53409,1,0.12,18,42450.36
21/07/2017,Truck,56803,0,0.61,20,45217.86
22/07/2017,Coupe,75109,0,0.64,49,60605.82
23/07/2017,Wagon,49016,0,0.9,25,40041.16
24/07/2017,Coupe,39296,0,0.33,21,29633.63
25/07/2017,Sedan,32734,0,0.45,23,17961.35
26/07/2017,Crossover,42949,0,0.53,15,34608.66
27/07/2017,Truck,64054,0,0.72,17,39431.56
28/07/2017,Truck,66040,0,0.15,13,43039.36
29/07/2017,Hatchback,18424,0,0.63,19,15205.52
30/07/2017,Crossover,38515,0,0.38,32,27223.7
31/07/2017,Convertible,56319,1,0.57,12,45736.97
01/08/2017,Coupe,40865,1,0.23,73,32308.27
02/08/2017,Sedan,27998,0,0.37,83,18032.93
03/08/2017,Coupe,57075,0,0.31,44,44027.41
04/08/2017,Wagon,31917,0,0.83,59,24800.98
05/08/2017,Crossover,35075,0,0.82,36,29979.44
06/08/2017,SUV,42640,0,0.72,42,30562.54
07/08/2017,Wagon,50215,0,0.38,46,35283.52
08/08/2017,Coupe,77263,0,0.27,41,46308.76
09/08/2017,Crossover,38021,1,0.62,47,30709.14
10/08/2017,Wagon,52437,0,0.57,30,35754.35
11/08/2017,Coupe,61748,0,0.89,64,42349.65
12/08/2017,SUV,37651,0,0.18,65,28013.11
13/08/2017,Truck,49482,0,0.57,13,35557.66
14/08/2017,SUV,45397,1,0.48,18,35101.97
15/08/2017,Wagon,40787,0,0.64,71,32040.8
16/08/2017,Hatchback,27012,0,0.69,52,22375.22
17/08/2017,SUV,34576,0,0.7,51,25529.08
18/08/2017,Truck,54606,0,0.2,81,34984.41
19/08/2017,Crossover,37188,0,0.4,51,24876.98
20/08/2017,Van,34864,0,0.18,36,18248.42
21/08/2017,Crossover,29381,0,0.44,80,22618.8
22/08/2017,Coupe,43481,1,0.2,69,37390.54
23/08/2017,Crossover,38993,0,0.19,67,24426.33
24/08/2017,Hatchback,33341,1,0.56,16,27456.91
25/08/2017,Coupe,60104,0,0.72,29,43073.64
26/08/2017,Van,37288,0,0.29,78,28408.41
27/08/2017,Hatchback,24094,0,0.5,15,18146.86
28/08/2017,SUV,48638,0,0.81,80,33601.9
29/08/2017,Sedan,31436,0,0.25,46,21444.27
30/08/2017,Unknown,46414,0,0.31,60,27570.72
31/08/2017,Van,57201,0,0.83,42,40566.22
01/09/2017,Truck,51296,0,0.6,68,43400.66
02/09/2017,Van,50546,0,0.43,47,31783.29
03/09/2017,Sedan,27469,1,0.68,60,25200.03
04/09/2017,Hatchback,23209,1,0.31,64,18613.47
05/09/2017,Convertible,67832,0,0.39,28,40856.83
06/09/2017,Truck,55712,0,0.2,47,31914.1
07/09/2017,Van,34514,0,0.32,55,23507.9
08/09/2017,SUV,46161,0,0.65,53,35575.31
09/09/2017,Convertible,61236,0,0.2,71,36923.67
10/09/2017,Hatchback,33186,0,0.67,60,18720.02
11/09/2017,Hatchback,21167,0,0.53,72,17306.21
12/09/2017,Truck,46811,0,0.14,73,34816.77
13/09/2017,Sedan,27108,0,0.3,17,16996.57
14/09/2017,Convertible,51517,0,0.77,67,37770.47
15/09/2017,Van,50436,0,0.76,16,39999.51
16/09/2017,SUV,49935,0,0.28,76,38267.74
17/09/2017,Crossover,35629,0,0.32,66,20290.05
18/09/2017,SUV,39910,0,0.61,81,31696.61
19/09/2017,Sedan,23559,0,0.53,18,18814.46
20/09/2017,Crossover,45640,0,0.03,58,32063.16
21/09/2017,Van,44587,0,0.79,82,31010.02
22/09/2017,Van,37638,0,0.84,80,31354.75
23/09/2017,Van,46725,0,0.21,35,33415.55
24/09/2017,SUV,43002,1,0.67,28,42517.13
25/09/2017,Truck,52366,1,0.07,20,39984.96
26/09/2017,Wagon,50604,1,0.51,31,40465.53
27/09/2017,Sedan,29622,0,0.06,73,19421.44
28/09/2017,Coupe,68259,1,0.28,29,56284.1
29/09/2017,Sedan,23474,0,0.51,45,16483.35
30/09/2017,SUV,49767,0,0.42,84,33090.93
01/10/2017,Truck,48596,0,0.59,41,39062.96
02/10/2017,MISC_VEHICLE,58941,0,0.26,33,44423.88
03/10/2017,Van,42627,0,0.19,12,24205.83
04/10/2017,Crossover,32329,0,0.2,23,22036.6
05/10/2017,SUV,50483,0,0.62,28,37809.92
06/10/2017,Pickup,46841,0,0.29,45,28776.12
07/10/2017,Coupe,66297,0,0.36,55,51035.25
08/10/2017,Coupe,49696,0,0.47,14,34439.33
09/10/2017,Crossover,40813,0,0.14,59,27065.35
10/10/2017,???,41058,0,0.54,63,30169.55
11/10/2017,Hatchback,30166,0,0.41,15,25776.43
12/10/2017,Truck,45058,0,0.36,51,32006.71
13/10/2017,Coupe,77453,0,0.27,13,53045.62
14/10/2017,Van,41432,0,0.46,33,24392.33
15/10/2017,Convertible,69658,0,0.51,80,46842.52
16/10/2017,Convertible,44603,0,0.7,23,34794.07
17/10/2017,Crossover,30436,0,0.07,16,20924.46
18/10/2017,Convertible,46676,0,0.46,45,32373.3
19/10/2017,Convertible,67793,0,0.09,43,38665.35
20/10/2017,SUV,41480,0,0.41,50,29645.08
21/10/2017,Coupe,45840,0,0.7,13,38052.2
22/10/2017,N/A,54579,0,0.25,83,38595.37
23/10/2017,Van,35137,0,0.35,29,29105.2
24/10/2017,Hatchback,30552,0,0.32,21,20163.56
25/10/2017,Unknown,45669,0,0.23,46,26695.16
26/10/2017,SUV,47075,0,0.22,80,30463.27
27/10/2017,Hatchback,27581,0,0.34,38,16294.34
28/10/2017,Convertible,60124,1,0.25,80,48826.69
29/10/2017,SUV,37570,1,0.7,30,32317.54
30/10/2017,Coupe,77897,0,0.4,14,48527.56
31/10/2017,Van,37870,1,0.22,32,25910.41
01/11/2017,Coupe,44533,0,0.1,76,25367.55
02/11/2017,Truck,56144,0,0.55,54,36192.86
03/11/2017,Truck,58904,0,0.59,75,44500.96
04/11/2017,Pickup,42010,1,0.72,47,33537.44
05/11/2017,MISC_VEHICLE,27548,1,0.21,16,19483.05
06/11/2017,Hatchback,21352,0,0.24,37,12949.58
07/11/2017,Sedan,25169,0,0.76,24,20489.89
08/11/2017,Convertible,73823,0,0.61,49,61656.51
09/11/2017,Coupe,52537,1,0.22,82,39476.46
10/11/2017,Hatchback,26910,1,0.61,75,24511.3
11/11/2017,Wagon,33955,0,0.56,20,27526.42
12/11/2017,Crossover,41583,0,0.18,82,25686.74
13/11/2017,Wagon,44040,0,0.16,42,27556.11
14/11/2017,Sedan,28358,0,0.86,40,20934.07
15/11/2017,Wagon,27080,0,0.58,53,21411.19
16/11/2017,Crossover,37505,1,0.46,53,32407.2
17/11/2017,Coupe,53874,1,0.4,81,38906.11
18/11/2017,Crossover,42261,1,0.03,48,33636.55
19/11/2017,Wagon,37908,0,0.25,12,19052.31
20/11/2017,Pickup,47147,0,0.18,75,35143.26
21/11/2017,Crossover,32561,0,0.21,46,24456.19
22/11/2017,Van,46543,0,0.7,65,42359.1
23/11/2017,Pickup,77123,0,0.49,79,63168.27
24/11/2017,Truck,63588,0,0.71,52,44602.92
25/11/2017,Convertible,59217,0,0.84,18,52690.05
26/11/2017,Sedan,29678,1,0.35,82,18671.65
27/11/2017,Van,39772,0,0.19,12,29834.59
28/11/2017,Truck,52777,1,0.29,66,35266.65
29/11/2017,Crossover,29404,1,0.28,33,21648.98
30/11/2017,Van,36279,0,0.21,61,25374.83
01/12/2017,SUV,44853,0,0.14,55,25808.9
02/12/2017,Convertible,46139,0,0.35,71,29942.08
03/12/2017,Pickup,80412,1,0.18,59,59693.13
04/12/2017,N/A,28402,0,0.06,62,19546.43
05/12/2017,Truck,57363,1,0.73,27,51966.47
06/12/2017,Convertible,68249,0,0.39,43,53143.33
07/12/2017,Sedan,28796,0,0.28,29,22014.63
08/12/2017,Pickup,80164,0,0.47,26,53176.5
09/12/2017,Crossover,42303,0,0.52,68,29833.74
10/12/2017,Convertible,48892,1,0.85,73,42216.95
11/12/2017,N/A,65954,0,0.61,31,56145.52
12/12/2017,Pickup,66676,0,0.26,63,46222.15
13/12/2017,SUV,41328,0,0.75,56,29862.32
14/12/2017,Sedan,26913,0,0.2,14,14886.84
15/12/2017,Pickup,46934,0,0.52,79,28100.57
16/12/2017,Convertible,49982,0,0.16,13,28444.57
17/12/2017,Pickup,65087,0,0.45,13,40231.42
18/12/2017,Hatchback,23694,0,0.59,67,17964.18
19/12/2017,Pickup,78763,0,0.11,81,46734.29
20/12/2017,Truck,46969,0,0.43,35,39058.79
21/12/2017,Crossover,40042,0,0.44,29,30066.36
22/12/2017,Wagon,26901,0,0.75,70,21620.36
23/12/2017,Wagon,39942,0,0.64,31,30903.23
24/12/2017,Truck,52520,1,0.13,38,41459.0
25/12/2017,Crossover,39550,0,0.54,71,30016.54
26/12/2017,Truck,56546,0,0.17,34,43155.31
27/12/2017,Wagon,40270,0,0.2,60,23559.39
28/12/2017,Coupe,75268,1,0.67,34,67035.12
29/12/2017,SUV,46565,0,0.8,50,35304.25
30/12/2017,Sedan,25924,0,0.78,57,16091.43
31/12/2017,Crossover,40241,0,0.72,28,33641.35
01/01/2018,Crossover,32239,1,0.29,37,31512.77
02/01/2018,Truck,47523,0,0.09,82,28947.61
03/01/2018,Pickup,83547,0,0.61,20,70805.47
04/01/2018,SUV,41870,1,0.56,45,30497.1
05/01/2018,Truck,55455,1,0.33,75,46881.11
06/01/2018,Truck,64460,1,0.13,16,47035.89
07/01/2018,Pickup,45138,0,0.67,74,33963.47
08/01/2018,N/A,70702,1,0.37,22,63690.12
09/01/2018,Truck,59972,0,0.52,53,42646.32
10/01/2018,Crossover,42229,0,0.28,35,22217.43
11/01/2018,Coupe,40128,0,0.65,36,30647.46
12/01/2018,???,34392,0,0.79,49,25040.44
13/01/2018,Pickup,70924,0,0.7,81,58076.41
14/01/2018,Van,44450,1,0.66,51,37853.02
15/01/2018,Truck,63822,1,0.2,57,53741.92
16/01/2018,Hatchback,35829,1,0.3,77,24623.75
17/01/2018,Sedan,30000,0,0.21,71,16090.74
18/01/2018,Convertible,61252,0,0.53,13,43739.24
19/01/2018,Hatchback,21919,0,0.37,72,14326.79
20/01/2018,SUV,46105,0,0.58,81,29246.42
21/01/2018,Truck,54998,0,0.59,30,43725.4
22/01/2018,Pickup,62473,1,0.59,16,47976.23
23/01/2018,Convertible,54212,0,0.22,64,41782.54
24/01/2018,Hatchback,20616,0,0.57,61,14924.1
25/01/2018,SUV,41732,0,0.75,50,37931.21
26/01/2018,Wagon,49611,1,0.17,61,33764.69
27/01/2018,Error,36096,0,0.69,52,24471.68
28/01/2018,SUV,39236,0,0.49,80,24305.02
29/01/2018,Error,54804,0,0.32,25,34053.73
30/01/2018,Sedan,24015,0,0.5,69,16583.48
31/01/2018,Van,52509,1,0.34,34,46092.17
01/02/2018,Sedan,27483,0,0.42,43,18698.91
02/02/2018,Sedan,30869,0,0.72,45,23481.79
03/02/2018,Van,54150,0,0.77,27,40510.74
04/02/2018,Sedan,25626,0,0.34,51,14867.42
05/02/2018,Truck,57129,0,0.33,43,34981.62
06/02/2018,Wagon,32981,1,0.28,64,26604.8
07/02/2018,Truck,50246,0,0.5,81,34717.26
08/02/2018,Crossover,37148,0,0.66,57,32719.89
09/02/2018,Wagon,52993,1,0.22,28,35988.45
10/02/2018,Van,54646,0,0.08,74,38498.51
11/02/2018,Pickup,71352,0,0.3,48,46278.4
12/02/2018,Truck,50202,0,0.43,41,33767.06
13/02/2018,Truck,59192,1,0.54,30,42674.6
14/02/2018,Hatchback,21708,1,0.12,13,14002.76
15/02/2018,Van,58015,0,0.19,70,37460.72
16/02/2018,N/A,39963,0,0.75,29,34293.0
17/02/2018,N/A,38524,0,0.51,22,25787.42
18/02/2018,Truck,56056,0,0.17,50,36453.06
19/02/2018,Crossover,40687,1,0.66,32,29843.73
20/02/2018,SUV,35607,0,0.15,83,26651.27
21/02/2018,Truck,56435,0,0.24,83,38751.03
22/02/2018,Sedan,31954,0,0.58,78,24190.76
23/02/2018,SUV,33822,0,0.31,18,27704.72
24/02/2018,Sedan,32808,1,0.27,17,21512.78
25/02/2018,Wagon,54255,0,0.15,51,37914.56
26/02/2018,Coupe,75282,0,0.62,68,63346.31
27/02/2018,Wagon,37867,0,0.83,22,29624.45
28/02/2018,Truck,58892,1,0.34,35,56364.73
01/03/2018,Coupe,78544,0,0.43,16,56628.92
02/03/2018,SUV,38278,0,0.55,37,29867.64
03/03/2018,MISC_VEHICLE,37845,0,0.18,73,28072.54
04/03/2018,Hatchback,34268,1,0.16,36,24345.75
05/03/2018,Hatchback,32188,0,0.35,31,18038.71
06/03/2018,Wagon,27575,0,0.46,82,21852.96
07/03/2018,Crossover,32725,0,0.75,52,22692.86
08/03/2018,Crossover,29761,0,0.18,30,17738.56
09/03/2018,Wagon,48167,0,0.59,39,36322.5
10/03/2018,Sedan,31821,0,0.56,59,25489.99
11/03/2018,Coupe,45665,0,0.18,13,28469.31
12/03/2018,SUV,48292,0,0.42,66,40581.92
13/03/2018,Coupe,51752,0,0.58,30,41325.86
14/03/2018,Sedan,24867,0,0.6,80,17488.99
15/03/2018,Wagon,52627,0,0.73,82,44752.71
16/03/2018,Coupe,58320,1,0.36,66,53596.04
17/03/2018,SUV,36606,0,0.47,50,25402.49
18/03/2018,Sedan,24058,0,0.3,51,15119.03
19/03/2018,Sedan,23012,0,0.66,20,17734.46
20/03/2018,Sedan,24849,0,0.45,80,18048.55
21/03/2018,Wagon,49228,0,0.39,68,29543.32
22/03/2018,Wagon,40888,0,0.17,22,24691.82
23/03/2018,Pickup,70550,0,0.43,50,53637.59
24/03/2018,Convertible,60058,0,0.09,15,42163.0
25/03/2018,Wagon,39551,0,0.66,79,28625.38
26/03/2018,Convertible,45097,0,0.59,69,38461.47
27/03/2018,Convertible,51999,0,0.24,73,42016.85
28/03/2018,Wagon,50056,0,0.73,66,45775.55
29/03/2018,Pickup,86568,0,0.49,39,61101.95
30/03/2018,Wagon,43919,0,0.66,84,38012.04
31/03/2018,Pickup,58020,0,0.59,65,45613.79
01/04/2018,Pickup,60678,0,0.52,73,40055.35
02/04/2018,Hatchback,19469,0,0.12,63,14557.86
03/04/2018,Sedan,23435,0,0.44,38,13804.2
04/04/2018,Convertible,45241,1,0.43,31,44051.95
05/04/2018,Truck,61563,0,0.19,64,45058.33
06/04/2018,Van,53765,0,0.28,28,38025.65
07/04/2018,Convertible,65388,1,0.64,29,52466.38
08/04/2018,Coupe,67202,0,0.12,65,40065.79
09/04/2018,Hatchback,26462,0,0.75,42,19244.08
10/04/2018,Wagon,46666,0,0.64,31,38176.82
11/04/2018,Pickup,45558,0,0.44,57,33738.69
12/04/2018,Wagon,31609,0,0.42,61,21129.98
13/04/2018,Coupe,68064,0,0.4,55,42216.22
14/04/2018,Convertible,48081,0,0.34,57,33219.04
15/04/2018,Coupe,52708,0,0.01,45,34431.65
16/04/2018,Sedan,28191,0,0.71,29,26663.06
17/04/2018,Sedan,28015,0,0.23,22,17950.72
18/04/2018,Pickup,56029,1,0.55,65,50207.61
19/04/2018,Wagon,39758,0,0.48,75,21912.94
20/04/2018,Coupe,60802,0,0.8,59,51277.54
21/04/2018,Sedan,35263,0,0.66,66,26697.21
22/04/2018,Van,57564,0,0.23,36,39022.93
23/04/2018,Crossover,42387,0,0.81,35,27470.59
24/04/2018,Truck,48974,0,0.57,24,43056.4
25/04/2018,Crossover,39921,0,0.71,45,29115.15
26/04/2018,SUV,44977,1,0.24,79,34367.6
27/04/2018,SUV,44112,0,0.27,32,26338.83
28/04/2018,Truck,49364,0,0.6,77,35031.04
29/04/2018,Wagon,39620,0,0.03,81,23162.13
30/04/2018,Convertible,51508,0,0.29,68,31029.05
01/05/2018,Convertible,61460,0,0.67,17,45774.63
02/05/2018,MISC_VEHICLE,27885,0,0.62,63,22360.64
03/05/2018,Pickup,48134,0,0.53,47,35613.74
04/05/2018,Hatchback,17355,0,0.48,16,10879.9
05/05/2018,Coupe,68680,0,0.62,37,57564.91
06/05/2018,Van,55152,0,0.6,32,46804.43
07/05/2018,Wagon,30892,0,0.83,14,23798.78
08/05/2018,Sedan,29959,0,0.06,33,17934.22
09/05/2018,Sedan,31793,1,0.34,35,24350.76
10/05/2018,Truck,52937,0,0.61,54,39950.1
11/05/2018,Sedan,24107,0,0.3,68,18145.23
12/05/2018,Crossover,28866,0,0.43,54,20036.12
13/05/2018,Crossover,37607,0,0.47,61,31636.22
14/05/2018,Wagon,34773,0,0.18,59,22100.31
15/05/2018,Coupe,53130,0,0.53,47,40491.31
16/05/2018,Coupe,70298,0,0.61,82,50150.08
17/05/2018,Van,42008,0,0.55,69,29037.78
18/05/2018,Pickup,68158,0,0.39,21,39089.78
19/05/2018,N/A,58509,1,0.55,78,39629.15
20/05/2018,Van,56167,1,0.55,61,50423.93
21/05/2018,SUV,46240,0,0.29,54,27303.29
22/05/2018,Coupe,55034,0,0.29,13,39129.2
23/05/2018,Convertible,46143,1,0.2,33,41572.93
24/05/2018,Sedan,22923,0,0.6,47,16713.14
25/05/2018,Wagon,32589,0,0.74,35,21839.08
26/05/2018,Coupe,67167,0,0.65,62,45410.9
27/05/2018,Hatchback,22068,0,0.39,39,17825.0
28/05/2018,Truck,47666,1,0.29,53,38171.2
29/05/2018,Crossover,27467,0,0.46,13,20982.38
30/05/2018,Wagon,53625,0,0.3,33,38171.83
31/05/2018,Sedan,28215,0,0.36,51,18720.74
01/06/2018,Pickup,74539,0,0.33,54,48525.84
02/06/2018,N/A,54994,0,0.2,80,35299.84
03/06/2018,Truck,61596,1,0.49,75,49817.34
04/06/2018,Wagon,37320,0,0.6,31,28455.74
05/06/2018,Pickup,79486,0,0.09,15,50451.79
06/06/2018,SUV,43851,0,0.68,44,35008.08
07/06/2018,Pickup,87653,0,0.79,20,68961.73
08/06/2018,Truck,62330,0,0.3,75,40468.81
09/06/2018,Convertible,49559,0,0.52,17,35176.58
10/06/2018,Pickup,49031,0,0.28,81,31182.47
11/06/2018,SUV,40028,0,0.35,47,27170.04
12/06/2018,Wagon,32044,0,0.41,79,24106.32
13/06/2018,Coupe,63909,1,0.26,40,53112.61
14/06/2018,Crossover,32303,0,0.33,76,20193.46
15/06/2018,Unknown,56874,1,0.85,59,50172.36
16/06/2018,Convertible,71977,0,0.31,12,50347.67
17/06/2018,Sedan,24319,1,0.28,28,19728.41
18/06/2018,Crossover,29914,0,0.46,42,21879.54
19/06/2018,Pickup,52428,1,0.39,61,45212.39
20/06/2018,Sedan,26604,1,0.52,12,17522.89
21/06/2018,Coupe,56347,1,0.46,45,48002.86
22/06/2018,Coupe,51339,1,0.14,27,41024.33
23/06/2018,Hatchback,19597,1,0.22,64,11722.46
24/06/2018,Crossover,41889,0,0.42,22,28640.93
25/06/2018,Van,41029,1,0.26,37,34007.12
26/06/2018,Truck,58875,0,0.4,72,44986.66
27/06/2018,Van,54032,0,0.42,30,35031.57
28/06/2018,Sedan,25254,0,0.62,41,20109.19
29/06/2018,Convertible,48341,1,0.91,37,47795.92
30/06/2018,Van,49326,0,0.44,77,29241.48
01/07/2018,Truck,54606,0,0.62,65,37543.89
02/07/2018,Pickup,55226,0,0.7,39,42976.73
03/07/2018,Sedan,22287,0,0.49,21,14616.88
04/07/2018,Coupe,46101,0,0.09,77,33483.6
05/07/2018,Pickup,52955,0,0.58,25,42086.69
06/07/2018,Coupe,54804,1,0.2,41,32641.28
07/07/2018,Truck,46426,0,0.64,78,35940.49
08/07/2018,Coupe,68409,0,0.69,20,50762.29
09/07/2018,Hatchback,33895,1,0.22,46,24863.13
10/07/2018,Van,38363,0,0.33,58,27888.83
11/07/2018,Hatchback,27159,0,0.48,84,19096.25
12/07/2018,Pickup,91747,0,0.68,50,68130.76
13/07/2018,Error,64081,0,0.5,77,40993.37
14/07/2018,Coupe,47002,0,0.61,26,37833.22
15/07/2018,Sedan,31289,0,0.14,58,19874.36
16/07/2018,SUV,45170,0,0.42,14,35234.7
17/07/2018,Van,35535,0,0.26,73,29757.42
18/07/2018,MISC_VEHICLE,45338,1,0.9,34,40346.48
19/07/2018,N/A,23061,0,0.29,57,13822.94
20/07/2018,Error,47758,0,0.39,73,38558.07
21/07/2018,Coupe,74051,0,0.39,31,52828.77
22/07/2018,Pickup,87993,0,0.43,16,54167.07
23/07/2018,Pickup,73300,0,0.02,72,47605.75
24/07/2018,Coupe,62721,0,0.75,78,42349.65
25/07/2018,Convertible,51707,0,0.48,16,34065.13
26/07/2018,Pickup,70569,0,0.51,41,47894.84
27/07/2018,Truck,56197,1,0.43,13,40299.92
28/07/2018,Hatchback,28348,0,0.24,62,22876.51
29/07/2018,Sedan,26710,0,0.25,62,20319.13
30/07/2018,Wagon,44151,0,0.07,79,28663.13
31/07/2018,Van,53648,0,0.17,31,31275.5
01/08/2018,SUV,36365,0,0.42,36,26698.59
02/08/2018,Pickup,62164,0,0.09,73,36099.2
03/08/2018,Unknown,59482,0,0.24,36,38189.69
04/08/2018,Hatchback,28370,0,0.49,20,19521.11
05/08/2018,SUV,41281,1,0.35,12,32018.95
06/08/2018,Pickup,66877,0,0.44,25,51819.39
07/08/2018,Convertible,58866,0,0.4,38,48517.14
08/08/2018,Convertible,59903,0,0.05,25,40932.85
09/08/2018,Crossover,29060,0,0.62,75,24280.71
10/08/2018,SUV,36395,0,0.47,22,28080.41
11/08/2018,Crossover,34020,1,0.38,39,25453.72
12/08/2018,Crossover,46361,1,0.17,49,28380.46
13/08/2018,Coupe,76029,0,0.88,65,66360.25
14/08/2018,Convertible,47724,0,0.46,50,37738.32
15/08/2018,Hatchback,31931,0,0.65,63,23131.42
16/08/2018,Van,47111,0,0.47,34,38637.0
17/08/2018,Wagon,33767,1,0.63,44,30092.49
18/08/2018,Sedan,30795,0,0.53,83,21968.19
19/08/2018,Convertible,51278,0,0.53,68,33503.12
20/08/2018,Convertible,52958,0,0.64,32,50085.84
21/08/2018,Van,33863,1,0.54,17,28476.41
22/08/2018,Hatchback,16301,0,0.58,39,14070.78
23/08/2018,Coupe,58639,0,0.83,26,41954.46
24/08/2018,Pickup,62637,0,0.24,62,46658.38
25/08/2018,Hatchback,21091,0,0.24,24,16861.95
26/08/2018,Truck,42228,0,0.19,37,30188.03
27/08/2018,Wagon,40018,0,0.37,79,23595.65
28/08/2018,Van,51284,0,0.53,13,33370.14
29/08/2018,Sedan,31820,0,0.51,65,20560.13
30/08/2018,Convertible,61897,0,0.21,62,34635.84
31/08/2018,Coupe,55495,1,0.21,60,41948.46
01/09/2018,Hatchback,18451,0,0.83,34,15096.71
02/09/2018,Wagon,38349,0,0.42,80,32792.97
03/09/2018,Van,42915,1,0.67,24,31421.46
04/09/2018,Crossover,37370,1,0.76,15,30833.77
05/09/2018,Wagon,40505,0,0.26,21,23401.09
06/09/2018,Pickup,86844,0,0.19,26,65259.13
07/09/2018,Convertible,52374,0,0.44,50,32637.93
08/09/2018,Crossover,32097,1,0.65,61,30685.99
09/09/2018,Crossover,37163,0,0.12,32,24774.11
10/09/2018,Coupe,44579,0,0.29,42,32510.33
11/09/2018,SUV,39645,0,0.48,80,28332.47
12/09/2018,SUV,49225,0,0.34,41,29502.64
13/09/2018,Sedan,29659,0,0.49,37,18486.67
14/09/2018,Sedan,23358,0,0.39,83,19497.76
15/09/2018,Wagon,42216,0,0.78,17,29557.63
16/09/2018,Pickup,40611,0,0.89,60,32103.87
17/09/2018,SUV,38064,1,0.48,47,37711.31
18/09/2018,Sedan,26987,0,0.37,54,19183.68
19/09/2018,Van,48980,0,0.9,26,42981.39
20/09/2018,Convertible,64746,0,0.66,76,55813.59
21/09/2018,Pickup,77089,0,0.52,72,55069.75
22/09/2018,Truck,55229,0,0.49,42,42435.47
23/09/2018,Pickup,44775,0,0.06,18,28963.59
24/09/2018,Van,51792,0,0.79,47,48202.19
25/09/2018,Convertible,64021,0,0.25,33,38361.9
26/09/2018,Truck,56667,0,0.1,15,36343.32
27/09/2018,Hatchback,22637,1,0.62,33,18929.34
28/09/2018,Wagon,45329,0,0.6,48,27445.83
29/09/2018,Wagon,29088,0,0.77,72,21905.89
30/09/2018,SUV,43318,0,0.1,53,25455.1
01/10/2018,Sedan,23677,0,0.35,24,17146.1
02/10/2018,Pickup,74295,0,0.08,72,50990.64
03/10/2018,SUV,37609,0,0.12,22,23454.78
04/10/2018,Convertible,62131,0,0.68,58,41959.68
05/10/2018,Hatchback,20595,1,0.2,17,15555.49
06/10/2018,Pickup,55462,0,0.12,65,37879.88
07/10/2018,Hatchback,28117,0,0.65,69,19519.62
08/10/2018,Pickup,82306,0,0.34,56,54195.77
09/10/2018,Hatchback,29471,0,0.72,78,23622.06
10/10/2018,Crossover,34385,0,0.3,64,22611.33
11/10/2018,Hatchback,27133,0,0.59,58,22755.47
12/10/2018,Convertible,46443,0,0.15,70,25421.51
13/10/2018,Truck,51835,0,0.3,44,35846.99
14/10/2018,Crossover,36649,0,0.17,44,26436.85
15/10/2018,Truck,52933,0,0.13,32,41390.66
16/10/2018,Hatchback,29606,0,0.15,22,20752.63
17/10/2018,Convertible,67502,1,0.76,30,66740.87
18/10/2018,Coupe,80137,0,0.26,23,55907.87
19/10/2018,Coupe,74163,0,0.7,81,59480.28
20/10/2018,Pickup,55346,0,0.42,21,41806.37
21/10/2018,Pickup,39697,0,0.22,63,28111.92
22/10/2018,Truck,44866,0,0.41,80,32081.09
23/10/2018,Convertible,61520,1,0.6,34,58004.26
24/10/2018,SUV,35822,0,0.24,80,21744.08
25/10/2018,Wagon,54500,0,0.76,44,35589.94
26/10/2018,Coupe,60910,1,0.52,65,51822.41
27/10/2018,Sedan,30265,0,0.17,56,19671.03
28/10/2018,Crossover,33516,0,0.44,53,19602.37
29/10/2018,Crossover,31615,0,0.48,20,21618.15
30/10/2018,Wagon,40147,1,0.58,35,30452.87
31/10/2018,SUV,38684,0,0.31,58,24193.46
01/11/2018,Sedan,23710,0,0.27,83,15451.3
02/11/2018,Pickup,84651,0,0.18,31,63649.34
03/11/2018,Crossover,28130,0,0.61,79,22805.59
04/11/2018,Truck,54914,1,0.48,75,50435.46
05/11/2018,Hatchback,17487,0,0.4,48,13217.51
06/11/2018,Sedan,23639,0,0.63,83,18623.32
07/11/2018,Coupe,75901,0,0.78,67,59814.76
08/11/2018,Crossover,29513,0,0.28,54,24506.3
09/11/2018,Van,48264,0,0.48,20,36314.8
10/11/2018,Sedan,35360,0,0.38,29,24360.56
11/11/2018,Unknown,23581,0,0.78,70,20388.78
12/11/2018,Sedan,28880,1,0.19,14,24069.38
13/11/2018,Crossover,39555,0,0.24,44,27116.81
14/11/2018,MISC_VEHICLE,70759,1,0.63,52,61408.55
15/11/2018,Hatchback,20607,1,0.66,33,16024.88
16/11/2018,Van,36700,0,0.73,75,28761.47
17/11/2018,Wagon,51068,0,0.12,44,34075.55
18/11/2018,SUV,41363,1,0.5,61,34130.7
19/11/2018,Van,49892,0,0.26,78,38351.67
20/11/2018,Truck,50055,1,0.03,72,29734.82
21/11/2018,Coupe,64715,0,0.21,66,39999.85
22/11/2018,Coupe,60093,0,0.65,61,36578.37
23/11/2018,Coupe,69153,1,0.56,23,50820.24
24/11/2018,Pickup,62640,1,0.66,80,47642.32
25/11/2018,Pickup,52534,0,0.61,77,43297.4
26/11/2018,Hatchback,32505,1,0.17,58,28038.65
27/11/2018,SUV,43441,0,0.74,40,32696.29
28/11/2018,Sedan,29642,1,0.19,46,24158.99
29/11/2018,Truck,44236,0,0.35,71,30612.82
30/11/2018,Sedan,30002,0,0.67,30,29396.05
01/12/2018,Sedan,23938,1,0.63,44,23668.08
02/12/2018,Convertible,63802,0,0.62,58,38578.58
03/12/2018,Truck,54680,0,0.38,71,35112.73
04/12/2018,Crossover,42334,0,0.81,72,28587.71
05/12/2018,SUV,47643,1,0.23,33,36679.13
06/12/2018,SUV,49469,0,0.51,66,36928.19
07/12/2018,Wagon,41172,0,0.04,13,23902.69
08/12/2018,Coupe,79220,1,0.24,39,67026.28
09/12/2018,Wagon,40519,0,0.26,62,25967.23
10/12/2018,Pickup,74332,0,0.74,77,68028.97
11/12/2018,Van,44427,0,0.62,49,28777.58
12/12/2018,Coupe,51305,1,0.7,26,37427.59
13/12/2018,Convertible,73246,0,0.68,28,52034.32
14/12/2018,Coupe,56044,1,0.51,73,40026.74
15/12/2018,Coupe,65827,1,0.25,82,55812.29
16/12/2018,Crossover,47137,0,0.42,55,24381.05
17/12/2018,Wagon,47301,0,0.79,24,36034.33
18/12/2018,Sedan,28168,0,0.69,14,20288.02
19/12/2018,Pickup,81017,1,0.53,27,65645.84
20/12/2018,Error,21263,0,0.14,42,15287.64
21/12/2018,SUV,44385,1,0.39,71,37581.11
22/12/2018,N/A,67585,0,0.43,50,47567.43
23/12/2018,SUV,42386,0,0.68,65,34886.16
24/12/2018,Truck,45908,0,0.49,36,35020.03
25/12/2018,Van,56397,1,0.0,74,40658.45
26/12/2018,Truck,52696,1,0.75,73,47890.07
27/12/2018,Truck,48015,1,0.5,62,39991.79
28/12/2018,SUV,33076,1,0.22,53,25164.53
29/12/2018,Wagon,35237,0,0.42,66,25019.73
30/12/2018,Pickup,63169,0,0.13,67,42043.27
31/12/2018,Coupe,40463,1,0.37,29,29332.11
01/01/2019,Pickup,53088,1,0.0,52,34090.49
02/01/2019,Sedan,31898,0,0.47,33,21215.65
03/01/2019,Van,50921,0,0.39,28,36680.56
04/01/2019,Truck,47698,0,0.67,29,34014.19
05/01/2019,Sedan,32088,1,0.46,46,28191.75
06/01/2019,Coupe,68585,0,0.24,46,46347.36
07/01/2019,Truck,52808,0,0.6,55,41725.97
08/01/2019,Wagon,51460,1,0.29,58,48568.28
09/01/2019,Wagon,32653,0,0.3,18,22295.77
10/01/2019,Pickup,84027,0,0.5,82,62488.63
11/01/2019,Coupe,73440,0,0.62,38,60503.83
12/01/2019,Wagon,40756,0,0.6,17,28920.23
13/01/2019,Truck,54877,1,0.64,35,49995.92
14/01/2019,Crossover,40185,1,0.23,67,26550.09
15/01/2019,Crossover,39131,0,0.29,37,24710.84
16/01/2019,Wagon,37917,1,0.42,77,28692.83
17/01/2019,Convertible,62533,0,0.66,35,38390.36
18/01/2019,Van,39835,0,0.22,41,26201.62
19/01/2019,Truck,63954,0,0.04,64,42412.49
20/01/2019,Crossover,32909,0,0.81,52,24990.14
21/01/2019,Coupe,73059,0,0.58,38,46967.42
22/01/2019,Van,58792,1,0.54,46,49092.72
23/01/2019,Wagon,44399,0,0.27,22,30880.34
24/01/2019,Pickup,44869,0,0.34,36,28814.39
25/01/2019,Crossover,42322,0,0.48,63,25907.87
26/01/2019,SUV,40790,0,0.0,15,28443.05
27/01/2019,Van,32823,0,0.26,83,24820.17
28/01/2019,Coupe,51340,0,0.28,43,30789.08
29/01/2019,Pickup,62647,1,0.29,83,47715.21
30/01/2019,SUV,47918,0,0.25,74,32449.69
31/01/2019,Truck,61434,0,0.6,38,44534.01
01/02/2019,Sedan,22566,0,0.69,44,14829.34
02/02/2019,Truck,57746,0,0.55,36,42946.19
03/02/2019,Sedan,30412,0,0.26,50,24382.81
04/02/2019,Van,59434,0,0.86,77,43693.99
05/02/2019,Sedan,32062,0,0.51,45,24370.46
06/02/2019,SUV,40474,0,0.17,69,27117.41
07/02/2019,Crossover,37271,1,0.72,28,36850.75
08/02/2019,SUV,47674,1,0.29,62,35146.89
09/02/2019,Coupe,77823,1,0.56,17,60633.54
10/02/2019,Unknown,39424,1,0.31,71,34276.23
11/02/2019,Sedan,31947,1,0.83,25,31503.27
12/02/2019,Van,60228,0,0.18,77,40105.35
13/02/2019,SUV,50148,0,0.83,33,36232.37
14/02/2019,SUV,38718,0,0.59,65,29546.06
15/02/2019,???,48493,0,0.27,79,27796.39
16/02/2019,Crossover,40084,1,0.41,16,35658.17
17/02/2019,???,42461,0,0.44,20,32453.16
18/02/2019,Crossover,34157,0,0.48,21,24749.76
19/02/2019,Sedan,30057,0,0.36,67,19981.39
20/02/2019,Pickup,84096,0,0.55,59,64729.54
21/02/2019,Truck,54171,1,0.1,27,46740.26
22/02/2019,Truck,45373,0,0.72,58,37067.0
23/02/2019,Coupe,71610,1,0.07,70,57364.43
24/02/2019,SUV,38998,0,0.21,68,26905.14
25/02/2019,Wagon,39540,0,0.14,36,25815.62
26/02/2019,Pickup,88969,0,0.73,67,68684.17
27/02/2019,Wagon,36259,1,0.38,21,24983.29
28/02/2019,Coupe,42953,0,0.2,83,29953.7
01/03/2019,Wagon,43727,0,0.19,46,26679.58
02/03/2019,Hatchback,24127,0,0.53,75,19465.45
03/03/2019,Pickup,74491,1,0.68,18,72671.84
04/03/2019,Hatchback,28134,0,0.33,37,19271.77
05/03/2019,Crossover,32244,0,0.68,69,22139.74
06/03/2019,SUV,38985,0,0.22,36,22009.79
07/03/2019,Coupe,44700,0,0.28,32,26278.13
08/03/2019,Hatchback,27091,1,0.15,29,17573.66
09/03/2019,SUV,39242,0,0.58,73,30929.23
10/03/2019,Error,31913,0,0.05,46,18661.18
11/03/2019,SUV,49300,0,0.66,59,36034.21
12/03/2019,Wagon,54804,0,0.76,67,35913.3
13/03/2019,Crossover,32058,0,0.62,74,26483.01
14/03/2019,Van,30868,0,0.64,65,27231.05
15/03/2019,Convertible,56220,0,0.59,59,33360.83
16/03/2019,Wagon,53521,0,0.55,45,44109.04
17/03/2019,Pickup,78396,1,0.3,22,62140.31
18/03/2019,Crossover,36737,1,0.34,31,26959.32
19/03/2019,Wagon,28466,1,0.82,51,24911.09
20/03/2019,SUV,38818,0,0.49,73,28061.42
21/03/2019,Hatchback,24119,0,0.68,30,17247.95
22/03/2019,Truck,50454,0,0.77,37,42616.79
23/03/2019,SUV,49611,0,0.41,66,26703.89
24/03/2019,Crossover,29729,0,0.23,35,17636.13
25/03/2019,Hatchback,29793,0,0.42,51,19380.35
26/03/2019,Coupe,63765,0,0.53,72,45690.2
27/03/2019,Wagon,53247,0,0.51,59,43378.96
28/03/2019,Convertible,66604,1,0.48,58,53375.42
29/03/2019,Wagon,37894,0,0.5,27,21444.54
30/03/2019,Pickup,58661,0,0.13,81,37348.42
31/03/2019,Pickup,64098,0,0.47,75,43921.66
01/04/2019,Van,30399,0,0.41,49,20332.09
02/04/2019,Sedan,30745,0,0.16,63,20207.73
03/04/2019,Pickup,59519,0,0.36,53,38669.13
04/04/2019,Wagon,29441,0,0.49,56,20127.08
05/04/2019,Convertible,55193,0,0.41,55,37900.38
06/04/2019,Error,61728,0,0.42,17,39400.09
07/04/2019,Truck,56366,0,0.18,47,36844.08
08/04/2019,Wagon,53619,1,0.37,53,38455.9
09/04/2019,Crossover,34657,0,0.0,64,24439.18
10/04/2019,Coupe,72347,0,0.66,58,56901.94
11/04/2019,Crossover,45015,0,0.08,52,28621.24
12/04/2019,Hatchback,35739,0,0.72,81,26137.23
13/04/2019,Van,56276,0,0.77,43,44658.5
14/04/2019,Coupe,75088,0,0.61,39,62686.65
15/04/2019,Truck,50619,0,0.66,73,43691.63
16/04/2019,Pickup,53526,0,0.12,57,35609.96
17/04/2019,Sedan,20938,0,0.3,66,17405.9
18/04/2019,Wagon,38632,0,0.27,27,20519.13
19/04/2019,Convertible,57462,1,0.15,25,42840.14
20/04/2019,Hatchback,24729,0,0.67,17,19821.64
21/04/2019,SUV,44051,0,0.16,70,25722.53
22/04/2019,Crossover,33904,0,0.75,56,25253.68
23/04/2019,Pickup,53849,1,0.54,55,50792.2
24/04/2019,Wagon,53802,0,0.82,47,48460.84
25/04/2019,Wagon,43056,0,0.76,38,33039.08
26/04/2019,SUV,43893,0,0.09,76,32660.81
27/04/2019,Truck,60319,0,0.66,70,50117.72
28/04/2019,Sedan,32956,0,0.85,62,24946.44
29/04/2019,Wagon,44794,0,0.12,68,29672.77
30/04/2019,Truck,58424,0,0.1,73,41471.56
01/05/2019,???,31484,0,0.59,15,20559.32
02/05/2019,Hatchback,26941,1,0.26,46,21143.97
03/05/2019,???,46374,0,0.26,72,31245.96
04/05/2019,Hatchback,20097,1,0.44,80,16394.67
05/05/2019,Wagon,37534,0,0.76,57,32666.54
06/05/2019,Sedan,29072,0,0.68,26,23058.26
07/05/2019,Van,55579,0,0.6,63,39422.92
08/05/2019,???,33733,1,0.44,53,27916.34
09/05/2019,Hatchback,29301,0,0.87,52,21709.13
10/05/2019,Van,50042,0,0.57,32,39231.48
11/05/2019,Hatchback,31502,0,0.09,37,17168.91
12/05/2019,Truck,62482,0,0.31,74,40674.88
13/05/2019,SUV,36812,1,0.61,14,28659.53
14/05/2019,Truck,62514,0,0.89,70,39946.01
15/05/2019,Hatchback,25312,0,0.31,42,19103.78
16/05/2019,Crossover,39632,0,0.44,26,24409.24
17/05/2019,Wagon,28214,1,0.49,64,24869.41
18/05/2019,SUV,41163,1,0.3,23,34199.66
19/05/2019,Hatchback,31165,1,0.42,14,24825.81
20/05/2019,Van,54619,0,0.14,71,36006.34
21/05/2019,Wagon,40866,0,0.24,44,29688.41
22/05/2019,Truck,54477,0,0.88,26,50450.6
23/05/2019,Crossover,37015,0,0.51,15,25980.04
24/05/2019,Pickup,67721,0,0.64,12,47114.83
25/05/2019,Hatchback,19858,1,0.68,55,19634.09
26/05/2019,SUV,36801,0,0.45,27,27259.75
27/05/2019,SUV,34741,1,0.19,64,25934.93
28/05/2019,Wagon,41406,0,0.25,34,27929.0
29/05/2019,Truck,59850,0,0.46,66,41392.73
30/05/2019,Convertible,55787,0,0.23,39,36440.34
31/05/2019,Truck,57176,1,0.67,59,48126.67
01/06/2019,Coupe,61822,0,0.31,50,35226.36
02/06/2019,Crossover,27233,0,0.26,78,16321.57
03/06/2019,Wagon,45294,0,0.3,21,33507.4
04/06/2019,Coupe,72780,0,0.63,51,54469.52
05/06/2019,SUV,45306,1,0.56,30,38255.29
06/06/2019,Sedan,18929,0,0.73,47,18394.86
07/06/2019,Hatchback,21415,0,0.73,23,15583.46
08/06/2019,Sedan,32494,0,0.32,24,20391.16
09/06/2019,Crossover,38927,0,0.89,84,35023.01
10/06/2019,SUV,45272,0,0.48,46,36684.38
11/06/2019,SUV,46490,0,0.53,47,29907.42
12/06/2019,Truck,49051,0,0.38,75,37776.99
13/06/2019,Coupe,53250,0,0.46,74,32452.94
14/06/2019,Convertible,57771,0,0.59,42,42667.2
15/06/2019,Crossover,43486,1,0.74,57,39729.57
16/06/2019,Hatchback,26779,0,0.06,75,18699.29
17/06/2019,Hatchback,27332,0,0.49,55,18770.54
18/06/2019,Van,38877,0,0.46,30,25747.63
19/06/2019,Convertible,43500,0,0.38,69,28523.41
20/06/2019,Sedan,29247,0,0.55,63,22028.83
21/06/2019,Wagon,44773,0,0.32,69,33628.97
22/06/2019,Truck,53076,0,0.09,83,35955.48
23/06/2019,Coupe,73934,0,0.15,56,49031.02
24/06/2019,Convertible,62466,0,0.39,44,46744.01
25/06/2019,Hatchback,31420,0,0.42,50,23514.2
26/06/2019,Coupe,61714,0,0.06,65,33007.75
27/06/2019,Coupe,51280,0,0.4,38,33983.37
28/06/2019,SUV,47161,0,0.34,41,38110.71
29/06/2019,Pickup,72083,0,0.09,77,38214.91
30/06/2019,SUV,45508,1,0.59,43,39140.27
01/07/2019,Hatchback,28193,0,0.45,55,21319.07
02/07/2019,Wagon,32404,0,0.5,57,18541.01
03/07/2019,Convertible,61949,1,0.64,57,51277.2
04/07/2019,Hatchback,17069,0,0.47,29,15145.66
05/07/2019,SUV,49638,1,0.52,70,41514.66
06/07/2019,Sedan,27833,0,0.15,73,17752.52
07/07/2019,Crossover,36735,0,0.63,26,24797.09
08/07/2019,Van,41694,1,0.69,43,38542.79
09/07/2019,Van,48795,0,0.45,32,36735.87
10/07/2019,Pickup,48212,0,0.02,61,29505.14
11/07/2019,Wagon,37840,0,0.8,13,28281.7
12/07/2019,Wagon,42141,1,0.1,72,34069.58
13/07/2019,Sedan,27558,0,0.42,70,18003.15
14/07/2019,Pickup,73647,0,0.61,17,51386.75
15/07/2019,Van,31516,0,0.45,61,21441.18
16/07/2019,Wagon,43067,1,0.51,45,31125.16
17/07/2019,Van,55983,0,0.2,51,32497.24
18/07/2019,Truck,60975,0,0.37,35,43153.1
19/07/2019,Coupe,42230,1,0.08,16,31766.86
20/07/2019,Crossover,29348,1,0.34,84,25034.6
21/07/2019,Hatchback,34638,1,0.53,20,29783.83
22/07/2019,Coupe,75217,0,0.53,26,47179.4
23/07/2019,Van,41295,0,0.28,18,31661.76
24/07/2019,Pickup,87548,0,0.64,23,59826.38
25/07/2019,Truck,49299,1,0.66,12,43044.97
26/07/2019,Van,57272,0,0.08,64,36538.74
27/07/2019,Sedan,30513,0,0.17,72,21582.25
28/07/2019,SUV,39586,0,0.32,31,22774.96
29/07/2019,Hatchback,25601,1,0.32,12,17496.51
30/07/2019,Coupe,44175,0,0.2,21,25192.35
31/07/2019,Truck,59245,0,0.46,53,46466.5
01/08/2019,SUV,38286,1,0.35,82,29834.92
02/08/2019,Crossover,34671,0,0.57,31,28481.58
03/08/2019,SUV,39002,0,0.5,23,23631.27
04/08/2019,Wagon,44102,1,0.21,55,37917.2
05/08/2019,Coupe,71903,0,0.77,45,62801.8
06/08/2019,N/A,72351,0,0.27,26,46902.28
07/08/2019,SUV,46287,0,0.24,50,29029.06
08/08/2019,Wagon,46134,0,0.52,81,34297.27
09/08/2019,Pickup,82923,1,0.58,48,66521.47
10/08/2019,Truck,61200,1,0.47,23,47431.43
11/08/2019,Sedan,32058,0,0.74,56,20430.79
12/08/2019,Sedan,20290,0,0.45,16,18941.58
13/08/2019,Truck,60157,0,0.23,65,35442.04
14/08/2019,Wagon,54814,0,0.37,68,31830.63
15/08/2019,Convertible,74744,0,0.49,39,56836.59
16/08/2019,Convertible,47193,0,0.29,35,32941.13
17/08/2019,Sedan,26418,0,0.66,61,21309.0
18/08/2019,Convertible,67431,0,0.43,59,46866.59
19/08/2019,Truck,60231,1,0.64,13,53216.32
20/08/2019,???,32690,1,0.3,22,27513.17
21/08/2019,Crossover,41414,0,0.63,57,32333.99
22/08/2019,Sedan,27585,0,0.57,38,19423.35
23/08/2019,Crossover,28715,0,0.16,32,18406.57
24/08/2019,Truck,55471,0,0.27,13,32361.64
25/08/2019,Sedan,29012,0,0.23,79,18715.66
26/08/2019,Crossover,29018,0,0.27,45,20313.87
27/08/2019,SUV,47185,1,0.24,71,32593.44
28/08/2019,Crossover,37182,0,0.33,16,21937.58
29/08/2019,Sedan,23760,0,0.46,26,16447.31
30/08/2019,Wagon,34524,0,0.32,42,21540.52
31/08/2019,Crossover,36176,0,0.38,24,27069.93
01/09/2019,???,29198,1,0.11,63,23030.44
02/09/2019,Pickup,84419,1,0.36,59,60481.07
03/09/2019,Sedan,23962,1,0.33,14,16667.41
04/09/2019,SUV,36456,0,0.7,65,26489.95
05/09/2019,Pickup,54724,0,0.42,35,42538.13
06/09/2019,Coupe,55026,0,0.4,47,38741.67
07/09/2019,Truck,50600,0,0.36,52,36493.04
08/09/2019,Truck,52889,1,0.29,78,44015.79
09/09/2019,Wagon,51621,0,0.27,38,37306.36
10/09/2019,SUV,35537,1,0.53,39,32934.64
11/09/2019,SUV,35559,0,0.49,32,26437.61
12/09/2019,Wagon,51069,0,0.73,40,38761.14
13/09/2019,Truck,51404,0,0.14,26,34194.48
14/09/2019,Crossover,29447,0,0.7,25,23762.2
15/09/2019,Wagon,41911,1,0.22,67,31279.9
16/09/2019,Van,47023,0,0.01,81,27776.82
17/09/2019,Van,41900,1,0.62,59,37131.77
18/09/2019,Van,42593,0,0.73,53,29631.4
19/09/2019,SUV,48753,1,0.53,44,34067.78
20/09/2019,Coupe,76352,0,0.06,78,58432.47
21/09/2019,Van,36355,0,0.37,38,25758.54
22/09/2019,Wagon,41102,0,0.74,77,34277.91
23/09/2019,MISC_VEHICLE,30931,0,0.41,49,23038.44
24/09/2019,Sedan,24622,0,0.14,67,19080.7
25/09/2019,Wagon,50989,0,0.13,27,38822.8
26/09/2019,SUV,42157,0,0.82,81,32648.6
27/09/2019,SUV,48345,1,0.43,58,42272.6
28/09/2019,Pickup,72417,0,0.4,81,48310.95
29/09/2019,Van,40860,0,0.72,14,32879.89
30/09/2019,Van,49528,0,0.41,62,34545.55
01/10/2019,Crossover,27178,1,0.2,39,25030.44
02/10/2019,Pickup,65959,0,0.3,60,36048.96
03/10/2019,Convertible,62359,0,0.58,35,43204.97
04/10/2019,Truck,63710,1,0.32,59,44696.95
05/10/2019,???,31628,0,0.65,37,22600.92
06/10/2019,Truck,50669,1,0.06,74,34419.44
07/10/2019,N/A,86467,0,0.56,82,62529.83
08/10/2019,Wagon,49855,0,0.49,82,35207.78
09/10/2019,Hatchback,27171,0,0.68,38,19133.87
10/10/2019,Van,29905,0,0.34,14,23208.8
11/10/2019,Sedan,30998,0,0.26,32,18353.01
12/10/2019,Convertible,70542,0,0.74,31,52562.9
13/10/2019,Crossover,40722,0,0.56,27,30130.82
14/10/2019,Coupe,60127,0,0.38,43,41267.28
15/10/2019,Pickup,84185,1,0.42,69,57313.5
16/10/2019,Hatchback,31366,0,0.54,65,24670.67
17/10/2019,Coupe,42178,0,0.49,17,29811.99
18/10/2019,Convertible,71579,0,0.23,43,52324.92
19/10/2019,Hatchback,25763,1,0.83,33,25472.51
20/10/2019,Wagon,53694,0,0.57,42,43118.47
21/10/2019,N/A,34068,0,0.49,32,27030.59
22/10/2019,Van,33042,0,0.17,41,27895.74
23/10/2019,Van,43755,0,0.38,33,33586.09
24/10/2019,Sedan,23908,0,0.52,16,21985.45
25/10/2019,Truck,63641,0,0.23,58,45177.21
26/10/2019,Crossover,34989,1,0.67,82,31688.78
27/10/2019,Hatchback,19665,0,0.57,56,13483.92
28/10/2019,Hatchback,23911,0,0.01,32,19682.45
29/10/2019,SUV,52681,0,0.78,48,44316.53
30/10/2019,Convertible,69847,0,0.49,55,47187.67
31/10/2019,SUV,37694,0,0.36,21,23504.71
01/11/2019,SUV,40868,0,0.32,24,29918.54
02/11/2019,Convertible,46610,0,0.12,55,28466.89
03/11/2019,Hatchback,19988,1,0.08,63,11914.36
04/11/2019,Error,51461,0,0.53,84,34205.79
05/11/2019,Pickup,66347,0,0.0,47,44483.47
06/11/2019,Convertible,70990,0,0.28,74,46441.31
07/11/2019,Convertible,70870,0,0.81,30,51829.52
08/11/2019,Truck,48742,0,0.6,77,39711.01
09/11/2019,Sedan,26348,0,0.47,61,22232.78
10/11/2019,Van,54829,0,0.18,73,34777.7
11/11/2019,Error,35475,1,0.55,70,24118.64
12/11/2019,Sedan,22749,0,0.15,55,15675.41
13/11/2019,Coupe,59244,0,0.54,21,44649.99
14/11/2019,Hatchback,23786,0,0.11,29,12372.0
15/11/2019,Wagon,48043,0,0.25,51,32812.23
16/11/2019,SUV,33461,0,0.75,41,29821.97
17/11/2019,Crossover,31871,0,0.77,79,28004.24
18/11/2019,Coupe,59480,0,0.39,61,38987.99
19/11/2019,Van,29278,0,0.84,56,20066.61
20/11/2019,Convertible,48186,1,0.62,73,40182.78
21/11/2019,Crossover,34331,0,0.26,58,21164.38
22/11/2019,Pickup,86438,0,0.52,30,57741.62
23/11/2019,Coupe,68363,0,0.37,30,47837.48
24/11/2019,SUV,35312,0,0.73,78,30053.82
25/11/2019,Coupe,40504,0,0.53,46,28254.27
26/11/2019,Sedan,27651,0,0.18,17,19492.39
27/11/2019,Convertible,49007,1,0.73,64,47595.32
28/11/2019,Sedan,34457,0,0.19,35,22324.93
29/11/2019,Crossover,46448,0,0.2,53,29634.27
30/11/2019,Sedan,30957,0,0.45,81,24783.34
01/12/2019,Crossover,37101,0,0.16,41,26923.15
02/12/2019,Van,35447,0,0.55,15,24503.89
03/12/2019,Van,56129,0,0.56,58,35457.77
04/12/2019,Crossover,39724,1,0.54,24,30061.62
05/12/2019,Hatchback,20383,1,0.49,62,18182.64
06/12/2019,Wagon,44160,1,0.39,63,32119.72
07/12/2019,Coupe,55579,0,0.57,21,40182.01
08/12/2019,SUV,41480,1,0.24,69,26860.56
09/12/2019,Hatchback,22892,0,0.2,22,16206.4
10/12/2019,Crossover,30409,0,0.48,68,20266.25
11/12/2019,Van,49098,0,0.72,75,40775.85
12/12/2019,Coupe,68634,0,0.49,84,48245.81
13/12/2019,Wagon,42991,0,0.76,74,37987.52
14/12/2019,Coupe,44352,0,0.04,82,28149.32
15/12/2019,SUV,44620,0,0.6,78,37081.57
16/12/2019,Truck,49451,0,0.07,20,27792.68
17/12/2019,Pickup,78874,0,0.7,52,69061.86
18/12/2019,Wagon,46487,1,0.14,83,36699.16
19/12/2019,SUV,41797,0,0.69,82,34125.99
20/12/2019,Wagon,35065,1,0.32,48,32062.09
21/12/2019,Crossover,40317,1,0.36,31,35676.83
22/12/2019,Hatchback,26527,0,0.0,20,14421.55
23/12/2019,SUV,43526,0,0.48,49,35219.95
24/12/2019,Pickup,50803,0,0.9,84,34262.94
25/12/2019,Van,34457,0,0.38,18,21889.18
26/12/2019,Van,47133,0,0.06,25,26230.44
27/12/2019,Crossover,41925,1,0.1,15,28475.83
28/12/2019,Crossover,30463,0,0.26,30,24341.02
29/12/2019,Truck,59248,0,0.32,76,39644.84
30/12/2019,Wagon,54862,1,0.15,33,34218.1
31/12/2019,Sedan,31222,0,0.59,43,25612.96
01/01/2020,Crossover,45952,0,0.54,71,37793.48
02/01/2020,Sedan,21330,0,0.63,82,18904.97
03/01/2020,Crossover,39873,0,0.55,49,34250.31
04/01/2020,SUV,33759,0,0.13,44,23774.01
05/01/2020,Coupe,47669,1,0.7,48,42531.39
06/01/2020,Wagon,46102,1,0.32,69,38134.72
07/01/2020,Truck,58331,0,0.16,36,38609.76
08/01/2020,Sedan,25452,0,0.82,80,19012.39
09/01/2020,Truck,54257,1,0.72,74,53404.43
10/01/2020,Wagon,38407,1,0.55,63,36288.42
11/01/2020,Crossover,30714,0,0.69,47,21781.05
12/01/2020,Error,63437,1,0.28,78,53405.91
13/01/2020,Coupe,51990,0,0.23,28,37281.57
14/01/2020,Wagon,37145,0,0.14,33,27520.56
15/01/2020,SUV,43041,0,0.73,51,32212.05
16/01/2020,Pickup,60327,0,0.61,12,47501.85
17/01/2020,Van,54213,0,0.22,34,34164.65
18/01/2020,Convertible,57100,1,0.48,50,47687.23
19/01/2020,Sedan,21048,0,0.68,24,20597.79
20/01/2020,Wagon,30298,0,0.78,61,23577.94
21/01/2020,Crossover,42530,1,0.49,72,38087.19
22/01/2020,Pickup,59428,1,0.6,38,54276.14
23/01/2020,SUV,46189,0,0.53,77,34492.44
24/01/2020,Hatchback,22901,0,0.75,13,19100.49
25/01/2020,Pickup,42282,1,0.49,45,34423.05
26/01/2020,Convertible,51357,0,0.47,65,39998.38
27/01/2020,Truck,62602,0,0.37,58,42991.17
28/01/2020,Convertible,66797,0,0.74,40,56489.2
29/01/2020,Sedan,28485,0,0.72,68,18717.84
30/01/2020,Wagon,39122,0,0.35,48,27415.79
31/01/2020,Truck,52018,0,0.9,55,35078.44
01/02/2020,Pickup,88029,0,0.4,57,65211.89
02/02/2020,Wagon,55931,0,0.16,21,37025.23
03/02/2020,Wagon,37102,0,0.09,27,29060.7
04/02/2020,Convertible,58544,0,0.6,38,43021.88
05/02/2020,Sedan,32038,0,0.82,41,25475.6
06/02/2020,Coupe,60862,1,0.21,57,37003.86
07/02/2020,Wagon,50779,0,0.31,46,31814.19
08/02/2020,Truck,49444,1,0.76,62,48689.62
09/02/2020,Hatchback,21023,0,0.56,65,14597.23
10/02/2020,Sedan,25205,0,0.1,64,15084.94
11/02/2020,Coupe,54014,0,0.83,30,42215.02
12/02/2020,Crossover,44812,0,0.47,66,28145.59
13/02/2020,SUV,34110,0,0.28,13,23205.84
14/02/2020,Pickup,70399,0,0.52,25,51048.3
15/02/2020,Coupe,52217,0,0.1,73,32493.3
16/02/2020,Wagon,41567,0,0.26,84,34768.44
17/02/2020,Van,46293,0,0.32,60,31616.46
18/02/2020,N/A,37431,0,0.35,34,23908.89
19/02/2020,Coupe,69949,0,0.27,46,43045.5
20/02/2020,Sedan,20300,0,0.24,26,12150.57
21/02/2020,SUV,44438,0,0.5,70,34082.74
22/02/2020,Wagon,51487,0,0.13,50,37627.09
23/02/2020,Wagon,46973,1,0.55,39,40573.84
24/02/2020,SUV,40989,0,0.36,52,23523.1
25/02/2020,Van,44364,0,0.53,67,33520.03
26/02/2020,Convertible,62446,0,0.71,80,41736.27
27/02/2020,Van,44365,1,0.6,36,34571.8
28/02/2020,Hatchback,26648,0,0.15,63,18888.29
29/02/2020,Hatchback,23888,0,0.31,63,16879.34
01/03/2020,SUV,44300,0,0.38,60,34721.62
02/03/2020,Sedan,26565,0,0.4,77,18648.61
03/03/2020,Pickup,55734,0,0.54,62,32831.34
04/03/2020,SUV,49240,0,0.64,51,33000.75
05/03/2020,Convertible,52612,0,0.24,50,33290.26
06/03/2020,Truck,44449,1,0.22,24,32086.54
07/03/2020,MISC_VEHICLE,22896,0,0.23,54,15736.95
08/03/2020,Hatchback,33982,0,0.33,61,25029.92
09/03/2020,Truck,64074,1,0.48,52,47617.7
10/03/2020,Convertible,65764,0,0.53,34,56570.58
11/03/2020,Wagon,43560,0,0.63,40,34351.61
12/03/2020,Hatchback,28592,0,0.29,14,17447.92
13/03/2020,Wagon,32399,0,0.47,61,21041.43
14/03/2020,Van,42765,0,0.54,58,31140.16
15/03/2020,Coupe,51724,0,0.51,29,38300.91
16/03/2020,Pickup,65842,0,0.16,55,35979.24
17/03/2020,N/A,56334,0,0.33,48,38684.67
18/03/2020,Pickup,59489,1,0.23,35,36695.75
19/03/2020,Crossover,43820,1,0.05,67,37937.32
20/03/2020,Convertible,51005,0,0.39,27,32153.07
21/03/2020,Sedan,33180,0,0.74,23,25118.11
22/03/2020,Crossover,41207,1,0.06,38,28851.82
23/03/2020,Van,54650,1,0.34,69,41808.65
24/03/2020,Sedan,30662,1,0.2,83,20753.73
25/03/2020,Convertible,68506,0,0.19,22,40011.98
26/03/2020,Coupe,47566,1,0.84,39,44520.2
27/03/2020,Coupe,58124,1,0.61,78,56035.42
28/03/2020,MISC_VEHICLE,30635,0,0.15,62,19882.45
29/03/2020,Crossover,42765,0,0.62,59,29881.81
30/03/2020,Wagon,45536,0,0.4,44,26989.92
31/03/2020,Coupe,74344,0,0.84,60,66390.16
01/04/2020,Convertible,52667,0,0.18,32,31724.96
02/04/2020,Crossover,36444,0,0.77,25,24431.9
03/04/2020,Van,33042,1,0.09,52,24964.18
04/04/2020,Crossover,30551,1,0.28,83,26581.9
05/04/2020,SUV,36315,0,0.59,51,22725.49
06/04/2020,Pickup,66388,0,0.61,51,42225.52
07/04/2020,Van,36203,1,0.6,46,33878.2
08/04/2020,Sedan,27387,0,0.8,49,19580.02
09/04/2020,Hatchback,35517,1,0.37,26,29374.85
10/04/2020,Truck,45546,0,0.16,23,26733.64
11/04/2020,N/A,48169,0,0.31,54,31155.26
12/04/2020,Truck,65713,0,0.68,71,55147.94
13/04/2020,Convertible,47877,0,0.55,32,38184.77
14/04/2020,Van,48037,0,0.54,35,32985.54
15/04/2020,Wagon,51584,0,0.78,68,37527.87
16/04/2020,Sedan,23005,0,0.64,54,16653.19
17/04/2020,Pickup,43071,0,0.91,76,35815.17
18/04/2020,Wagon,29442,1,0.55,37,24827.86
19/04/2020,Van,58441,0,0.19,46,41198.94
20/04/2020,Hatchback,29844,0,0.55,15,25678.04
21/04/2020,Van,47572,0,0.47,22,39920.44
22/04/2020,Coupe,41511,0,0.45,54,31994.04
23/04/2020,Crossover,36866,0,0.28,67,25750.94
24/04/2020,Convertible,51851,0,0.76,36,37594.61
25/04/2020,Convertible,58448,1,0.78,65,48103.23
26/04/2020,Pickup,41069,0,0.53,25,25345.03
27/04/2020,Wagon,30336,0,0.65,44,23964.7
28/04/2020,Truck,55887,0,0.6,68,42645.05
29/04/2020,Truck,51990,0,0.19,39,31559.37
30/04/2020,Van,50223,0,0.6,40,41984.68
01/05/2020,Hatchback,23650,0,0.08,19,16715.06
02/05/2020,Crossover,33665,0,0.0,27,18119.94
03/05/2020,Crossover,29430,0,0.13,79,15557.35
04/05/2020,Pickup,75494,0,0.61,66,58903.82
05/05/2020,Wagon,32313,0,0.57,74,25622.6
06/05/2020,Convertible,58410,0,0.47,81,38831.34
07/05/2020,Crossover,37843,0,0.93,79,30501.01
08/05/2020,SUV,45779,0,0.23,41,30044.98
09/05/2020,Hatchback,31986,1,0.01,71,24236.51
10/05/2020,Pickup,46759,1,0.51,71,38086.81
11/05/2020,Van,52186,0,0.34,74,37052.73
12/05/2020,Pickup,73429,0,0.43,30,45046.44
13/05/2020,Convertible,47623,0,0.17,45,31355.21
14/05/2020,SUV,39558,0,0.23,42,28654.27
15/05/2020,Pickup,57546,0,0.44,33,45624.84
16/05/2020,SUV,47155,1,0.24,19,30159.91
17/05/2020,Wagon,30446,0,0.69,59,20236.12
18/05/2020,Sedan,29603,1,0.38,28,23638.18
19/05/2020,Hatchback,30249,0,0.13,17,18690.99
20/05/2020,Hatchback,28549,0,0.35,24,18468.0
21/05/2020,Van,52440,0,0.54,56,37624.48
22/05/2020,Pickup,53887,0,0.36,43,35891.25
23/05/2020,Coupe,78760,1,0.56,74,53883.41
24/05/2020,Pickup,73952,0,0.75,68,64512.76
25/05/2020,Van,44296,0,0.32,79,24549.12
26/05/2020,Crossover,35570,0,0.14,18,25819.64
27/05/2020,Coupe,66329,0,0.37,57,46374.46
28/05/2020,Hatchback,20172,0,0.24,65,14307.31
29/05/2020,Pickup,43826,0,0.52,12,26821.04
30/05/2020,Crossover,43351,0,0.54,30,36847.95
31/05/2020,Hatchback,20606,1,0.52,63,17752.9
01/06/2020,Crossover,30966,0,0.68,21,24089.02
02/06/2020,SUV,43605,0,0.23,59,23541.94
03/06/2020,Coupe,61788,0,0.6,38,55790.09
04/06/2020,Sedan,26534,0,0.48,74,18389.39
05/06/2020,Convertible,70079,0,0.5,70,57123.12
06/06/2020,Wagon,36868,1,0.08,73,30487.54
07/06/2020,SUV,44794,0,0.66,13,41896.01
08/06/2020,Convertible,46092,1,0.79,66,45572.28
09/06/2020,Pickup,51692,0,0.55,12,31605.28
10/06/2020,Hatchback,33268,0,0.58,60,21585.58
11/06/2020,SUV,47853,0,0.59,61,35118.18
12/06/2020,N/A,43040,0,0.8,15,29812.41
13/06/2020,MISC_VEHICLE,35938,0,0.06,31,27880.16
14/06/2020,Wagon,55885,0,0.58,76,34327.85
15/06/2020,Van,49275,0,0.77,34,42650.22
16/06/2020,???,42921,0,0.68,22,34061.06
17/06/2020,Sedan,24121,0,0.64,19,16629.74
18/06/2020,Wagon,52800,0,0.58,52,34932.26
19/06/2020,Coupe,67802,0,0.58,40,39807.07
20/06/2020,Sedan,28775,0,0.23,30,16146.46
21/06/2020,???,33076,0,0.49,75,22539.13
22/06/2020,Truck,63134,0,0.54,81,44991.98
23/06/2020,Pickup,65861,0,0.36,59,44612.82
24/06/2020,Van,46829,0,0.31,45,35618.26
25/06/2020,???,56962,0,0.53,53,41505.34
26/06/2020,Pickup,84888,1,0.82,40,69097.96
27/06/2020,Hatchback,19457,0,0.32,76,13685.15
28/06/2020,Coupe,78506,0,0.61,33,54625.57
29/06/2020,Coupe,63638,0,0.75,50,48055.29
30/06/2020,Truck,53514,0,0.52,63,43466.21
01/07/2020,Crossover,35075,1,0.58,83,34225.18
02/07/2020,Crossover,33246,0,0.43,31,25331.11
03/07/2020,Crossover,37008,0,0.69,52,23806.4
04/07/2020,Truck,55125,0,0.45,57,40479.29
05/07/2020,Pickup,50369,0,0.44,26,30376.35
06/07/2020,SUV,47256,0,0.66,80,40155.5
07/07/2020,Van,57614,0,0.82,13,43322.09
08/07/2020,SUV,48412,0,0.54,16,31444.19
09/07/2020,Hatchback,32244,1,0.36,30,30858.89
10/07/2020,SUV,47191,0,0.05,28,33153.19
11/07/2020,Pickup,55551,0,0.61,67,43646.09
12/07/2020,Crossover,38708,0,0.62,21,25138.88
13/07/2020,Truck,55846,1,0.47,25,48739.1
14/07/2020,Truck,59943,0,0.42,31,45872.61
15/07/2020,???,60111,0,0.15,24,36803.19
16/07/2020,SUV,37303,1,0.32,44,26521.44
17/07/2020,Crossover,42991,0,0.72,30,30669.37
18/07/2020,Pickup,49356,1,0.67,15,43289.64
19/07/2020,Convertible,47192,1,0.35,66,33600.81
20/07/2020,Wagon,29692,1,0.62,55,27335.17
21/07/2020,Crossover,33200,0,0.63,26,23583.32
22/07/2020,SUV,45248,0,0.65,60,34313.62
23/07/2020,Convertible,53592,1,0.12,72,44597.47
24/07/2020,Truck,61073,0,0.4,18,37729.23
25/07/2020,Coupe,48597,0,0.2,53,32294.41
26/07/2020,Pickup,70160,1,0.67,13,55458.45
27/07/2020,SUV,41760,1,0.38,42,26369.08
28/07/2020,Pickup,54434,0,0.63,12,44595.13
29/07/2020,Crossover,40772,0,0.57,29,32717.93
30/07/2020,Hatchback,23818,1,0.27,43,18089.38
31/07/2020,Coupe,75165,0,0.3,33,43449.26
01/08/2020,Sedan,26114,0,0.39,63,18021.82
02/08/2020,Crossover,32517,0,0.6,75,26656.71
03/08/2020,Crossover,30187,0,0.14,38,18671.26
04/08/2020,Pickup,52260,1,0.14,19,43442.8
05/08/2020,Van,44193,1,0.44,26,32551.47
06/08/2020,Convertible,66848,0,0.72,30,60030.48
07/08/2020,Crossover,43227,1,0.66,29,39044.09
08/08/2020,Van,47027,0,0.65,21,32200.14
09/08/2020,Van,40945,1,0.42,58,34945.6
10/08/2020,Convertible,68871,0,0.21,78,40272.77
11/08/2020,SUV,39389,0,0.55,81,25911.35
12/08/2020,Sedan,27952,0,0.31,23,21171.83
13/08/2020,Coupe,57755,0,0.18,49,36183.07
14/08/2020,Van,36700,1,0.58,45,29393.5
15/08/2020,Pickup,83327,0,0.6,43,62334.95
16/08/2020,SUV,35668,0,0.59,47,25319.25
17/08/2020,Wagon,44889,0,0.07,82,22964.57
18/08/2020,Coupe,47273,0,0.35,64,30679.63
19/08/2020,Coupe,41048,0,0.36,79,31459.43
20/08/2020,SUV,48576,0,0.62,45,37130.21
21/08/2020,Pickup,66975,0,0.24,46,42791.83
22/08/2020,Wagon,43659,0,0.28,14,32969.19
23/08/2020,Convertible,70197,0,0.66,25,49320.21
24/08/2020,???,45632,0,0.7,19,27266.3
25/08/2020,Truck,65808,0,0.81,17,51147.45
26/08/2020,Coupe,50044,1,0.43,59,44562.69
27/08/2020,Crossover,32706,0,0.47,68,22435.04
28/08/2020,Wagon,37953,0,0.73,32,28512.55
29/08/2020,Truck,63879,0,0.21,17,39505.25
30/08/2020,Crossover,30931,1,0.65,67,24236.33
31/08/2020,Crossover,43027,0,0.49,67,32091.7
01/09/2020,Convertible,72425,0,0.05,41,45569.86
02/09/2020,Hatchback,19311,1,0.7,27,17398.58
03/09/2020,SUV,43076,1,0.34,22,32874.66
04/09/2020,SUV,47334,1,0.18,26,35966.02
05/09/2020,Truck,57365,0,0.41,25,37178.26
06/09/2020,Hatchback,30699,0,0.29,26,18715.43
07/09/2020,Convertible,61254,0,0.85,22,58801.32
08/09/2020,Pickup,80624,0,0.16,64,57665.55
09/09/2020,Crossover,31817,0,0.37,59,20789.02
10/09/2020,Coupe,59023,0,0.42,59,34634.04
11/09/2020,Wagon,36062,0,0.54,16,25083.11
12/09/2020,SUV,48226,0,0.78,12,39720.91
13/09/2020,Hatchback,29938,0,0.0,27,17109.52
14/09/2020,MISC_VEHICLE,46980,0,0.23,34,26843.68
15/09/2020,Sedan,30591,0,0.49,14,19219.81
16/09/2020,SUV,41511,1,0.74,83,35886.34
17/09/2020,Crossover,36229,1,0.23,43,33283.67
18/09/2020,Sedan,26943,0,0.51,78,19060.64
19/09/2020,Hatchback,18425,0,0.25,73,14465.35
20/09/2020,Truck,53153,0,0.23,32,30485.69
21/09/2020,Coupe,74157,0,0.62,50,56813.54
22/09/2020,Hatchback,25632,1,0.16,19,17692.3
23/09/2020,Convertible,65547,0,0.17,65,45684.31
24/09/2020,Convertible,65200,0,0.57,38,46429.68
25/09/2020,Convertible,72233,0,0.61,73,46981.99
26/09/2020,SUV,48923,0,0.87,72,36450.05
27/09/2020,Unknown,28715,1,0.34,63,26183.86
28/09/2020,Coupe,77958,0,0.49,54,51098.77
29/09/2020,Pickup,58312,0,0.43,76,39567.38
30/09/2020,Van,56368,0,0.69,25,45011.8
01/10/2020,Crossover,27979,0,0.05,43,19188.92
02/10/2020,Hatchback,22448,1,0.66,63,20497.02
03/10/2020,Hatchback,32869,1,0.08,75,24845.68
04/10/2020,Pickup,83108,0,0.38,14,53507.47
05/10/2020,Coupe,66130,0,0.62,15,47404.28
06/10/2020,Sedan,33273,0,0.37,70,24432.94
07/10/2020,Crossover,39916,0,0.27,23,31927.57
08/10/2020,Truck,64234,0,0.41,20,37276.93
09/10/2020,Coupe,50032,0,0.19,75,27279.08
10/10/2020,Wagon,51209,0,0.16,42,32514.05
11/10/2020,Wagon,47988,0,0.25,15,37166.75
12/10/2020,Coupe,41330,0,0.55,44,29906.43
13/10/2020,Sedan,29991,0,0.16,49,20443.46
14/10/2020,Hatchback,28250,0,0.51,40,25588.9
15/10/2020,SUV,45085,0,0.28,21,31601.69
16/10/2020,Truck,61372,0,0.45,42,47272.37
17/10/2020,SUV,36265,0,0.19,33,24095.6
18/10/2020,Convertible,69648,0,0.32,51,38797.72
19/10/2020,Wagon,44611,1,0.54,26,36957.28
20/10/2020,Hatchback,29076,0,0.52,73,19829.19
21/10/2020,Coupe,76322,1,0.67,35,62803.44
22/10/2020,Pickup,58455,0,0.23,14,41683.85
23/10/2020,Crossover,30542,1,0.33,13,22875.09
24/10/2020,Wagon,50821,0,0.21,73,33541.27
25/10/2020,Van,35744,1,0.3,76,29356.31
26/10/2020,SUV,39961,1,0.08,16,24624.44
27/10/2020,Truck,61905,0,0.69,82,47897.52
28/10/2020,Truck,61963,1,0.12,43,51982.05
29/10/2020,Pickup,43024,0,0.65,75,34767.72
30/10/2020,SUV,39362,1,0.35,39,28164.39
31/10/2020,Pickup,66220,0,0.2,66,40997.32
01/11/2020,Coupe,55376,0,0.34,52,41114.35
02/11/2020,Crossover,27414,0,0.71,39,19604.7
03/11/2020,Sedan,30005,0,0.35,67,15846.37
04/11/2020,Truck,48746,0,0.34,56,35972.25
05/11/2020,Crossover,30596,0,0.83,32,26828.31
06/11/2020,Unknown,34534,0,0.03,44,20539.03
07/11/2020,Coupe,65929,0,0.86,26,46575.45
08/11/2020,Coupe,66969,0,0.9,50,52977.72
09/11/2020,???,55540,1,0.21,40,37243.38
10/11/2020,Truck,44971,1,0.54,48,42741.49
11/11/2020,Van,49781,0,0.14,45,32805.61
12/11/2020,SUV,37295,0,0.26,26,26027.57
13/11/2020,Sedan,27215,0,0.12,56,13077.06
14/11/2020,Truck,63018,0,0.57,35,48758.75
15/11/2020,Crossover,38143,0,0.66,23,28003.91
16/11/2020,SUV,49598,0,0.19,37,32027.85
17/11/2020,Wagon,43368,0,0.74,25,33882.73
18/11/2020,Pickup,77617,0,0.3,83,53239.59
19/11/2020,Hatchback,26627,0,0.09,54,14588.62
20/11/2020,Truck,47708,1,0.75,82,38588.07
21/11/2020,Truck,42264,0,0.81,68,34314.48
22/11/2020,Van,56129,1,0.03,41,40363.41
23/11/2020,Convertible,55908,0,0.35,63,39724.19
24/11/2020,Van,58171,0,0.34,33,42987.76
25/11/2020,N/A,27197,1,0.25,53,21479.4
26/11/2020,Coupe,74818,1,0.13,84,67079.32
27/11/2020,SUV,39846,0,0.7,80,30576.19
28/11/2020,Truck,61040,0,0.83,43,46765.07
29/11/2020,MISC_VEHICLE,82571,0,0.66,41,71673.21
30/11/2020,Convertible,71620,1,0.17,35,45719.53
01/12/2020,Convertible,57896,0,0.59,43,43864.78
02/12/2020,SUV,34811,1,0.6,81,26550.53
03/12/2020,Pickup,59251,0,0.42,43,49832.8
04/12/2020,Wagon,51332,1,0.84,47,45164.79
05/12/2020,SUV,51131,0,0.28,56,28914.08
06/12/2020,SUV,36899,1,0.41,21,32975.39
07/12/2020,Pickup,62416,0,0.52,71,42935.74
08/12/2020,Pickup,41037,1,0.32,62,38375.45
09/12/2020,Sedan,29524,0,0.24,12,21017.99
10/12/2020,SUV,41753,0,0.21,14,28016.06
11/12/2020,Pickup,82680,0,0.29,20,53194.81
12/12/2020,Hatchback,22868,1,0.12,55,19360.76
13/12/2020,Convertible,48832,0,0.45,27,36421.08
14/12/2020,Wagon,37153,0,0.3,42,27852.3
15/12/2020,Convertible,62555,1,0.4,46,58040.93
16/12/2020,Coupe,38660,0,0.59,15,28850.57
17/12/2020,Convertible,48766,0,0.62,28,41830.27
18/12/2020,SUV,51962,0,0.29,66,32957.01
19/12/2020,Hatchback,33401,1,0.21,72,29467.03
20/12/2020,???,44856,0,0.77,64,35714.39
21/12/2020,Crossover,42248,0,0.34,64,27266.16
22/12/2020,SUV,44398,1,0.2,40,39375.6
23/12/2020,Truck,52160,1,0.79,32,37374.12
24/12/2020,SUV,38621,0,0.27,79,24114.33
25/12/2020,Van,35359,0,0.33,76,23349.48
26/12/2020,Coupe,51460,1,0.36,34,33618.47
27/12/2020,Truck,53365,0,0.52,38,42969.89
28/12/2020,Sedan,25778,0,0.13,45,16876.53
29/12/2020,Wagon,55334,0,0.21,59,37632.18
30/12/2020,Coupe,63918,0,0.17,31,48474.05
31/12/2020,Pickup,59627,1,0.83,71,56397.42
01/01/2021,Pickup,62162,1,0.45,30,52930.08
02/01/2021,Truck,51855,1,0.19,13,33399.46
03/01/2021,Van,42868,0,0.23,57,33331.35
04/01/2021,Van,31254,0,0.54,40,26681.23
05/01/2021,Truck,58223,1,0.41,57,44623.86
06/01/2021,Van,42227,1,0.29,42,38869.81
07/01/2021,Van,27602,1,0.48,47,27290.77
08/01/2021,Convertible,67429,1,0.3,82,48401.85
09/01/2021,Coupe,62975,0,0.74,29,58923.68
10/01/2021,Convertible,54884,0,0.59,76,43053.23
11/01/2021,Pickup,47045,0,0.62,59,33663.45
12/01/2021,Truck,48198,0,0.82,74,40493.48
13/01/2021,Crossover,38781,0,0.18,51,25703.83
14/01/2021,Coupe,50506,1,0.7,77,46363.77
15/01/2021,Sedan,26450,1,0.44,34,24922.12
16/01/2021,Hatchback,32530,0,0.44,60,22724.49
17/01/2021,Wagon,54520,1,0.88,12,45822.37
18/01/2021,Sedan,33360,0,0.62,15,25328.43
19/01/2021,Convertible,67559,0,0.31,44,52007.65
20/01/2021,Sedan,26531,0,0.48,75,14957.42
21/01/2021,Pickup,61524,0,0.48,79,40605.91
22/01/2021,Convertible,68416,0,0.6,24,42820.95
23/01/2021,Crossover,36338,1,0.85,63,35928.27
24/01/2021,Hatchback,16732,0,0.79,32,15604.4
25/01/2021,Hatchback,27389,0,0.11,70,20606.1
26/01/2021,Convertible,55054,0,0.47,64,40481.49
27/01/2021,Van,58638,0,0.85,60,42697.97
28/01/2021,Wagon,32741,0,0.44,43,23205.1
29/01/2021,Convertible,59916,0,0.22,53,37544.87
30/01/2021,Crossover,40328,0,0.21,63,24378.3
31/01/2021,Pickup,48631,0,0.29,59,29107.65
01/02/2021,Truck,60005,1,0.41,21,47673.32
02/02/2021,SUV,41355,1,0.76,44,32023.87
03/02/2021,Hatchback,30345,0,0.53,60,17058.95
04/02/2021,SUV,47286,0,0.51,22,30356.38
05/02/2021,SUV,42254,0,0.61,84,31507.3
06/02/2021,Convertible,76600,0,0.62,72,58926.25
07/02/2021,Coupe,71703,0,0.26,16,42494.21
08/02/2021,SUV,50820,0,0.26,17,31744.0
09/02/2021,Convertible,55066,1,0.39,50,38272.94
10/02/2021,Sedan,29346,0,0.06,80,19498.86
11/02/2021,Sedan,24001,1,0.12,59,19378.69
12/02/2021,Pickup,58381,0,0.84,13,49590.89
13/02/2021,Wagon,50380,0,0.8,17,40011.5
14/02/2021,SUV,47216,0,0.66,42,35452.4
15/02/2021,Wagon,29318,1,0.18,59,19775.95
16/02/2021,Truck,48406,0,0.28,45,28776.66
17/02/2021,Convertible,43695,0,0.55,43,40640.48
18/02/2021,Sedan,32772,1,0.2,51,23955.39
19/02/2021,Convertible,70456,1,0.58,66,51256.63
20/02/2021,Sedan,28235,0,0.62,37,16806.57
21/02/2021,Truck,60576,0,0.15,29,40178.39
22/02/2021,Truck,46082,0,0.57,17,30269.81
23/02/2021,Coupe,47020,0,0.39,34,39684.33
24/02/2021,Wagon,31600,0,0.17,51,17793.83
25/02/2021,Sedan,31503,0,0.36,35,20650.79
26/02/2021,Truck,49567,0,0.66,57,37639.73
27/02/2021,Coupe,42633,1,0.21,46,31517.59
28/02/2021,Truck,51711,0,0.65,32,39109.34
01/03/2021,SUV,37574,0,0.48,71,26975.28
02/03/2021,Sedan,28001,0,0.19,65,17712.64
03/03/2021,Convertible,63765,1,0.7,56,54289.55
04/03/2021,MISC_VEHICLE,29398,1,0.63,17,29066.52
05/03/2021,Sedan,34279,0,0.51,73,21441.8
06/03/2021,Truck,50622,0,0.39,79,36765.21
07/03/2021,SUV,47216,1,0.63,73,35878.86
08/03/2021,Sedan,35768,0,0.6,23,26324.5
09/03/2021,Hatchback,23818,0,0.56,75,13868.11
10/03/2021,Sedan,28891,0,0.26,32,21816.98
11/03/2021,Convertible,72157,0,0.24,77,39357.31
12/03/2021,SUV,51174,0,0.4,44,31730.05
13/03/2021,Van,41625,0,0.01,49,25927.1
14/03/2021,???,78310,1,0.23,59,62889.3
15/03/2021,Truck,59801,0,0.49,19,48468.96
16/03/2021,Hatchback,26020,0,0.51,48,19166.87
17/03/2021,Truck,46782,0,0.79,52,36141.75
18/03/2021,Convertible,70657,0,0.73,15,59013.94
19/03/2021,Hatchback,28950,0,0.67,19,21758.44
20/03/2021,Hatchback,19842,0,0.78,13,13520.14
21/03/2021,Truck,60737,0,0.48,14,39517.82
22/03/2021,Wagon,52486,0,0.39,58,35262.77
23/03/2021,Pickup,43269,0,0.38,76,28693.84
24/03/2021,Truck,48304,0,0.3,51,36662.75
25/03/2021,Pickup,60188,0,0.16,65,40988.23
26/03/2021,Van,52724,0,0.53,77,44497.68
27/03/2021,Crossover,35757,0,0.62,15,32906.22
28/03/2021,Wagon,36819,0,0.51,74,25455.06
29/03/2021,Sedan,27177,1,0.44,44,20448.07
30/03/2021,Coupe,46755,0,0.64,23,37204.61
31/03/2021,Crossover,36805,0,0.58,76,31417.1
01/04/2021,MISC_VEHICLE,41427,0,0.38,37,27327.93
02/04/2021,Hatchback,22332,0,0.26,25,15704.43
03/04/2021,Wagon,47279,1,0.5,13,37109.77
04/04/2021,Van,47767,0,0.31,15,32023.3
05/04/2021,Coupe,80006,0,0.19,78,51614.73
06/04/2021,Sedan,28576,0,0.14,80,17943.54
07/04/2021,Coupe,56951,1,0.46,79,50171.57
08/04/2021,Crossover,38302,1,0.82,57,27154.59
09/04/2021,Hatchback,23464,0,0.54,72,19432.63
10/04/2021,Convertible,55836,1,0.89,32,41540.61
11/04/2021,Wagon,46872,0,0.69,30,37958.51
12/04/2021,SUV,50069,0,0.56,63,34618.02
13/04/2021,Coupe,65266,0,0.47,12,48831.84
14/04/2021,Convertible,51485,1,0.28,35,35569.52
15/04/2021,Truck,45180,0,0.46,44,33087.61
16/04/2021,Hatchback,32226,0,0.74,22,29725.25
17/04/2021,Coupe,50684,0,0.54,63,33762.55
18/04/2021,Coupe,43750,1,0.41,31,31607.93
19/04/2021,Pickup,41622,0,0.21,74,26871.49
20/04/2021,Hatchback,26736,1,0.47,59,21875.73
21/04/2021,Crossover,38295,0,0.54,50,25649.02
22/04/2021,Pickup,72799,0,0.6,67,53033.63
23/04/2021,Sedan,20298,1,0.68,76,17786.89
24/04/2021,Sedan,31230,0,0.28,75,21378.59
25/04/2021,Wagon,43556,0,0.13,59,33832.84
26/04/2021,Truck,57414,0,0.6,30,40800.58
27/04/2021,Hatchback,26187,1,0.72,23,21296.45
28/04/2021,Van,49571,1,0.32,62,34013.93
29/04/2021,SUV,37173,0,0.49,72,27438.56
30/04/2021,Error,23202,0,0.56,44,17025.58
01/05/2021,Sedan,28338,0,0.62,82,19571.91
02/05/2021,Van,36279,0,0.32,58,27838.72
03/05/2021,Wagon,41847,0,0.24,77,27056.89
04/05/2021,Van,39877,0,0.23,12,25978.31
05/05/2021,Hatchback,34115,0,0.43,47,24741.14
06/05/2021,Coupe,41180,1,0.24,31,30053.89
07/05/2021,???,30083,0,0.75,16,26107.56
08/05/2021,Coupe,75892,0,0.43,12,59026.85
09/05/2021,Van,31200,0,0.65,70,22675.23
10/05/2021,SUV,50658,0,0.19,52,31663.77
11/05/2021,Coupe,56658,0,0.67,33,46672.94
12/05/2021,SUV,46449,0,0.09,41,28024.27
13/05/2021,Truck,65534,0,0.6,67,43356.14
14/05/2021,SUV,38264,0,0.15,61,23126.31
15/05/2021,Pickup,82722,1,0.73,73,64516.09
16/05/2021,Hatchback,28524,0,0.93,54,26038.61
17/05/2021,Truck,51080,0,0.89,64,39770.78
18/05/2021,Convertible,70602,0,0.78,66,57139.84
19/05/2021,Coupe,61293,1,0.54,16,50274.9
20/05/2021,SUV,38082,0,0.07,58,23259.12
21/05/2021,Pickup,75556,1,0.19,41,59916.37
22/05/2021,Hatchback,22963,0,0.24,56,12980.57
23/05/2021,Hatchback,22214,1,0.35,37,13465.91
24/05/2021,Hatchback,27471,0,0.08,83,15546.99
25/05/2021,Hatchback,17560,1,0.3,53,13747.4
26/05/2021,Pickup,72028,0,0.56,49,46642.28
27/05/2021,N/A,32104,1,0.5,41,28214.9
28/05/2021,Hatchback,32439,0,0.43,70,24427.86
29/05/2021,Wagon,36496,0,0.24,56,19951.68
30/05/2021,Wagon,49671,0,0.19,20,34231.33
31/05/2021,Van,53853,0,0.31,19,39029.98
01/06/2021,Truck,58279,0,0.27,62,38606.02
02/06/2021,Crossover,32689,0,0.52,71,22151.97
03/06/2021,Truck,50466,0,0.45,15,33101.97
04/06/2021,Wagon,52292,0,0.81,25,42721.36
05/06/2021,Truck,53446,0,0.62,21,46962.17
06/06/2021,Wagon,31444,1,0.46,35,23791.55
07/06/2021,Coupe,76938,0,0.52,47,52429.69
08/06/2021,Pickup,58075,1,0.37,83,54777.33
09/06/2021,Van,52262,0,0.12,36,36585.11
10/06/2021,Convertible,47920,0,0.36,13,31326.58
11/06/2021,Sedan,25219,0,0.25,56,17323.74
12/06/2021,Wagon,55038,0,0.08,64,39069.23
13/06/2021,SUV,41223,1,0.82,21,36129.14
14/06/2021,SUV,34687,0,0.73,40,34133.62
15/06/2021,Coupe,49574,1,0.21,42,34119.71
16/06/2021,Coupe,48699,0,0.32,23,39385.03
17/06/2021,Wagon,39904,1,0.23,72,31259.96
18/06/2021,Convertible,71912,0,0.36,79,54008.31
19/06/2021,Coupe,47938,0,0.48,20,40105.03
20/06/2021,Pickup,63355,0,0.31,30,45330.03
21/06/2021,Error,40158,0,0.71,54,33599.89
22/06/2021,Wagon,40631,0,0.36,81,28389.74
23/06/2021,Convertible,54667,0,0.15,62,28339.1
24/06/2021,Crossover,34833,0,0.18,15,23057.11
25/06/2021,Pickup,67031,0,0.63,61,51929.01
26/06/2021,Crossover,39914,0,0.43,30,32446.87
27/06/2021,Truck,56981,0,0.65,80,48878.32
28/06/2021,Wagon,43194,0,0.75,60,29805.82
29/06/2021,Crossover,35203,0,0.66,81,23331.49
30/06/2021,Pickup,68421,0,0.2,16,50231.82
01/07/2021,Hatchback,22087,0,0.56,12,19553.5
02/07/2021,Truck,47618,0,0.61,63,33361.33
03/07/2021,Van,34876,0,0.24,54,23624.48
04/07/2021,Truck,56466,0,0.11,61,39363.78
05/07/2021,Hatchback,29810,1,0.56,58,24680.53
06/07/2021,Convertible,72622,0,0.31,28,49772.26
07/07/2021,Truck,59632,0,0.19,60,31879.59
08/07/2021,???,40826,0,0.12,12,28219.12
09/07/2021,Convertible,72932,0,0.56,28,56986.91
10/07/2021,Hatchback,20991,1,0.74,40,18398.9
11/07/2021,Coupe,49620,0,0.57,42,38200.18
12/07/2021,Hatchback,34550,0,0.77,63,24814.69
13/07/2021,Crossover,36639,0,0.65,26,29749.12
14/07/2021,Crossover,44612,1,0.54,69,39392.24
15/07/2021,Truck,60198,0,0.53,39,49303.9
16/07/2021,SUV,49242,0,0.43,60,36444.72
17/07/2021,Pickup,78391,1,0.42,12,69465.39
18/07/2021,SUV,40642,0,0.4,18,28301.41
19/07/2021,Truck,46249,0,0.14,26,30834.32
20/07/2021,Sedan,25002,1,0.83,72,22933.25
21/07/2021,Truck,48638,0,0.69,32,35409.91
22/07/2021,Hatchback,21220,0,0.7,84,14038.64
23/07/2021,Sedan,33348,1,0.26,76,27606.35
24/07/2021,Sedan,25910,0,0.18,83,19377.52
25/07/2021,Pickup,63297,0,0.05,69,37343.13
26/07/2021,Pickup,79206,1,0.23,66,69738.79
27/07/2021,N/A,39112,0,0.74,63,30672.55
28/07/2021,Hatchback,27956,0,0.81,55,18815.23
29/07/2021,Pickup,44406,1,0.5,83,39041.42
30/07/2021,Pickup,81909,1,0.67,21,66180.28
31/07/2021,Crossover,36424,0,0.44,49,30637.16
01/08/2021,Coupe,62587,1,0.25,63,46726.29
02/08/2021,Wagon,50491,0,0.41,28,36308.22
03/08/2021,Convertible,72135,0,0.24,39,49241.11
04/08/2021,Hatchback,27034,0,0.81,36,22654.0
05/08/2021,Pickup,72436,0,0.22,19,45571.5
06/08/2021,Van,43966,1,0.39,18,33474.24
07/08/2021,Wagon,37372,1,0.26,64,26829.36
08/08/2021,Hatchback,24119,0,0.3,74,15649.58
09/08/2021,Convertible,61091,1,0.32,25,46916.96
10/08/2021,Hatchback,29584,0,0.09,32,18082.62
11/08/2021,Truck,61707,1,0.11,65,42457.59
12/08/2021,Pickup,64188,0,0.79,68,42621.17
13/08/2021,Truck,52060,0,0.73,25,38977.59
14/08/2021,Van,55191,1,0.52,15,48025.53
15/08/2021,Crossover,30586,0,0.62,78,21723.17
16/08/2021,Crossover,34347,0,0.47,78,27901.1
17/08/2021,Crossover,34852,0,0.63,64,24138.64
18/08/2021,Hatchback,31410,0,0.6,59,21655.69
19/08/2021,Van,40374,0,0.54,29,30952.7
20/08/2021,Van,48606,0,0.35,75,38435.02
21/08/2021,Convertible,69676,0,0.19,49,41419.63
22/08/2021,Pickup,53642,0,0.64,63,42027.39
23/08/2021,Sedan,31300,0,0.61,75,21717.49
24/08/2021,Wagon,51305,1,0.22,49,40612.7
25/08/2021,Hatchback,28371,1,0.55,78,27233.5
26/08/2021,Crossover,28962,0,0.33,47,21225.32
27/08/2021,Coupe,83836,0,0.07,35,49283.06
28/08/2021,Crossover,34661,0,0.67,54,23551.38
29/08/2021,Wagon,39380,0,0.57,69,31802.21
30/08/2021,Van,43447,0,0.54,78,33810.22
31/08/2021,Van,48430,0,0.2,26,31653.95
01/09/2021,Truck,53188,1,0.56,34,46091.91
02/09/2021,Van,38536,1,0.58,72,32491.46
03/09/2021,Pickup,49075,0,0.35,78,32522.3
04/09/2021,SUV,45122,1,0.65,60,38403.12
05/09/2021,Crossover,32712,0,0.65,82,25757.69
06/09/2021,Sedan,28865,0,0.23,35,19446.08
07/09/2021,???,35119,0,0.32,21,27745.11
08/09/2021,Truck,62211,0,0.08,77,40656.38
09/09/2021,Sedan,31940,0,0.14,29,21530.7
10/09/2021,Convertible,56517,0,0.3,45,33979.16
11/09/2021,Sedan,25377,0,0.42,30,15984.41
12/09/2021,Wagon,51612,0,0.27,38,34866.6
13/09/2021,SUV,34472,0,0.47,59,27434.26
14/09/2021,Truck,56037,0,0.46,49,37373.14
15/09/2021,SUV,36030,0,0.14,63,22797.67
16/09/2021,Pickup,61339,0,0.61,62,49643.51
17/09/2021,Hatchback,22451,0,0.81,77,15106.43
18/09/2021,SUV,35062,0,0.59,35,30224.11
19/09/2021,Wagon,28988,1,0.38,80,25066.35
20/09/2021,Coupe,62852,0,0.23,37,47190.04
21/09/2021,Hatchback,19231,0,0.41,49,16288.93
22/09/2021,Pickup,66225,0,0.53,81,46971.9
23/09/2021,Van,39556,0,0.35,48,25065.91
24/09/2021,Sedan,32255,0,0.17,30,21389.19
25/09/2021,Convertible,61285,1,0.54,20,48998.49
26/09/2021,Crossover,37863,0,0.25,17,24119.03
27/09/2021,Sedan,34787,0,0.87,21,30979.4
28/09/2021,Pickup,87986,0,0.34,67,52818.65
29/09/2021,SUV,50128,1,0.5,53,44784.57
30/09/2021,Pickup,43410,0,0.89,28,37120.1
01/10/2021,SUV,48714,1,0.14,57,40192.22
02/10/2021,Sedan,31317,0,0.48,65,24412.75
03/10/2021,Sedan,28662,0,0.56,83,25171.08
04/10/2021,SUV,45419,1,0.61,61,35789.05
05/10/2021,Van,40911,0,0.37,83,29022.93
06/10/2021,Van,35783,0,0.44,54,25005.74
07/10/2021,SUV,41560,0,0.29,14,29331.01
08/10/2021,Crossover,33652,0,0.33,40,20899.51
09/10/2021,Hatchback,22187,0,0.71,25,16631.16
10/10/2021,Wagon,40691,0,0.37,62,25276.93
11/10/2021,Convertible,69858,0,0.65,83,60790.87
12/10/2021,Convertible,68238,0,0.06,68,47964.83
13/10/2021,Coupe,69796,1,0.28,65,49238.3
14/10/2021,Van,34711,1,0.61,15,26764.51
15/10/2021,Crossover,38398,0,0.38,56,25849.41
16/10/2021,Pickup,56937,0,0.59,69,41979.76
17/10/2021,Truck,60578,0,0.3,61,46649.34
18/10/2021,Wagon,32269,0,0.45,28,23370.58
19/10/2021,Crossover,45584,1,0.3,53,34654.52
20/10/2021,SUV,38286,0,0.05,20,23956.99
21/10/2021,Crossover,29202,0,0.45,60,27069.48
22/10/2021,SUV,33707,1,0.28,70,26895.78
23/10/2021,Error,26824,0,0.52,16,21173.07
24/10/2021,Wagon,43337,0,0.41,56,29947.87
25/10/2021,SUV,34229,0,0.55,59,26120.62
26/10/2021,Crossover,34198,0,0.63,19,22404.5
27/10/2021,Pickup,48141,0,0.75,38,35850.33
28/10/2021,SUV,44013,0,0.21,55,25549.75
29/10/2021,Van,36406,0,0.54,77,23717.01
30/10/2021,Unknown,48618,0,0.57,30,37773.1
31/10/2021,Sedan,32048,0,0.14,26,19026.47
01/11/2021,Van,45517,0,0.46,58,34243.65
02/11/2021,Coupe,46671,0,0.66,37,36942.44
03/11/2021,Hatchback,22811,0,0.72,13,15940.8
04/11/2021,Hatchback,27957,0,0.39,24,15759.18
05/11/2021,N/A,38210,0,0.85,21,30958.0
06/11/2021,SUV,40372,0,0.29,33,27257.67
07/11/2021,Wagon,26529,0,0.25,56,21070.38
08/11/2021,SUV,40018,1,0.51,46,28110.62
09/11/2021,Hatchback,21842,0,0.06,19,12597.61
10/11/2021,Hatchback,26103,0,0.0,50,14667.46
11/11/2021,SUV,49035,0,0.41,31,34178.58
12/11/2021,Wagon,39719,0,0.27,32,27799.15
13/11/2021,Sedan,29505,0,0.37,42,18728.05
14/11/2021,Convertible,70055,0,0.07,36,50376.23
15/11/2021,SUV,50398,0,0.65,59,42814.09
16/11/2021,Coupe,62423,0,0.28,74,47965.9
17/11/2021,Coupe,72073,0,0.83,61,47504.07
18/11/2021,Hatchback,20576,0,0.73,32,13519.31
19/11/2021,Truck,65011,0,0.58,79,42447.52
20/11/2021,Unknown,37159,1,0.48,50,27761.5
21/11/2021,SUV,48550,1,0.52,32,44143.76
22/11/2021,Error,52043,0,0.89,52,35998.86
23/11/2021,Van,29714,0,0.19,21,20304.75
24/11/2021,Convertible,64615,0,0.62,75,46228.8
25/11/2021,Error,90129,0,0.78,50,63415.06
26/11/2021,Sedan,24969,0,0.45,61,15354.96
27/11/2021,Coupe,60134,0,0.82,41,47401.34
28/11/2021,Van,34910,0,0.87,57,28775.87
29/11/2021,Wagon,36214,0,0.75,38,31983.97
30/11/2021,Truck,54642,0,0.49,36,38006.68
01/12/2021,Coupe,56782,0,0.38,82,42242.49
02/12/2021,Convertible,61561,0,0.79,69,41582.83
03/12/2021,Convertible,74441,0,0.64,71,63030.85
04/12/2021,Wagon,46865,1,0.36,63,31032.36
05/12/2021,SUV,47967,1,0.18,76,41588.11
06/12/2021,Pickup,59403,0,0.08,49,37963.61
07/12/2021,Convertible,61577,0,0.43,15,37267.29
08/12/2021,Crossover,28066,0,0.09,74,18663.58
09/12/2021,Hatchback,26761,0,0.61,67,25054.69
10/12/2021,SUV,42846,1,0.41,44,31625.93
11/12/2021,Sedan,26307,0,0.0,60,14824.57
12/12/2021,Van,46677,1,0.72,73,37136.33
13/12/2021,Wagon,34893,1,0.32,20,27276.49
14/12/2021,Hatchback,17955,0,0.45,74,12576.87
15/12/2021,Crossover,41008,0,0.48,26,31432.37
16/12/2021,SUV,36800,0,0.44,30,29637.97
17/12/2021,Wagon,45128,0,0.57,60,39304.06
18/12/2021,Pickup,53187,0,0.53,69,33895.6
19/12/2021,Convertible,49504,0,0.24,53,32944.91
20/12/2021,SUV,49628,0,0.7,19,34257.36
21/12/2021,Convertible,69194,1,0.88,55,64261.96
22/12/2021,Crossover,32767,0,0.07,37,23080.84
23/12/2021,Sedan,29118,1,0.38,16,22406.4
24/12/2021,Crossover,45345,0,0.34,83,35827.24
25/12/2021,Pickup,76933,0,0.51,70,64093.93
26/12/2021,Sedan,26523,0,0.31,63,14871.52
27/12/2021,Sedan,23928,0,0.57,74,16281.73
28/12/2021,Convertible,59766,0,0.9,70,37243.13
29/12/2021,Van,41042,0,0.34,75,26284.27
30/12/2021,Van,59524,1,0.27,60,41583.1
31/12/2021,Coupe,64072,1,0.82,42,63988.29
01/01/2022,Pickup,37818,1,0.59,73,33161.64
02/01/2022,Crossover,31253,1,0.59,41,26571.66
03/01/2022,SUV,41747,0,0.53,82,32140.06
04/01/2022,Crossover,32424,0,0.74,39,27301.05
05/01/2022,SUV,44251,0,0.38,12,30096.62
06/01/2022,Crossover,40160,1,0.2,62,26702.46
07/01/2022,Convertible,61483,0,0.54,28,45031.78
08/01/2022,Crossover,31903,0,0.11,18,21242.93
09/01/2022,Sedan,28828,1,0.35,76,25108.15
10/01/2022,SUV,40716,0,0.79,45,26198.19
11/01/2022,Coupe,63821,0,0.21,57,39295.07
12/01/2022,Sedan,32431,0,0.29,12,24606.58
13/01/2022,Sedan,26674,0,0.55,77,17201.41
14/01/2022,SUV,38766,0,0.78,77,31477.75
15/01/2022,Hatchback,33708,1,0.54,20,22106.28
16/01/2022,Hatchback,27781,0,0.26,59,15435.48
17/01/2022,Truck,55746,1,0.3,69,38700.42
18/01/2022,Crossover,44628,0,0.19,41,27708.32
19/01/2022,Van,35491,1,0.11,77,29253.78
20/01/2022,Truck,60593,0,0.2,71,35838.33
21/01/2022,Sedan,33056,0,0.71,43,25185.01
22/01/2022,Pickup,87323,0,0.59,28,60196.73
23/01/2022,Convertible,62051,0,0.56,51,44755.98
24/01/2022,Truck,55581,0,0.5,66,42065.92
25/01/2022,Sedan,26441,0,0.84,73,18723.47
26/01/2022,Truck,58799,1,0.86,21,55030.79
27/01/2022,Convertible,67660,0,0.72,69,56056.18
28/01/2022,Coupe,66068,0,0.58,49,55218.92
29/01/2022,Hatchback,25025,0,0.23,71,18260.12
30/01/2022,Coupe,73287,0,0.24,65,43417.27
31/01/2022,Sedan,28417,0,0.0,25,15384.45
01/02/2022,Sedan,27742,0,0.82,44,23765.19
02/02/2022,Crossover,38952,0,0.16,70,28529.21
03/02/2022,Wagon,47860,0,0.52,36,26920.08
04/02/2022,Wagon,47956,0,0.65,65,40084.41
05/02/2022,Van,58586,0,0.62,28,44793.7
06/02/2022,Hatchback,31995,0,0.24,22,20824.35
07/02/2022,SUV,43048,0,0.32,59,24214.31
08/02/2022,Coupe,65312,0,0.64,50,57065.74
09/02/2022,Error,59594,1,0.31,75,43944.67
10/02/2022,Pickup,64806,0,0.19,22,44553.9
11/02/2022,Hatchback,26809,1,0.02,83,16331.27
12/02/2022,Van,48480,1,0.62,38,45042.97
13/02/2022,Hatchback,29529,1,0.53,52,22881.29
14/02/2022,Crossover,41018,0,0.37,36,30561.09
15/02/2022,Van,49403,0,0.38,26,34277.91
16/02/2022,Hatchback,20462,0,0.74,45,13452.07
17/02/2022,SUV,40680,0,0.27,72,25258.41
18/02/2022,Crossover,28312,0,0.64,18,19960.26
19/02/2022,Wagon,39068,0,0.01,49,26553.91
20/02/2022,Van,35176,1,0.39,16,27684.76
21/02/2022,Pickup,49963,0,0.79,70,39048.31
22/02/2022,N/A,41981,0,0.19,29,27418.09
23/02/2022,Crossover,34335,1,0.18,20,28031.46
24/02/2022,Convertible,64508,1,0.24,57,44455.87
25/02/2022,Hatchback,26533,0,0.45,37,20057.23
26/02/2022,Convertible,51184,0,0.14,44,31779.51
27/02/2022,Hatchback,32688,1,0.36,12,26603.69
28/02/2022,Hatchback,31251,0,0.06,36,19791.69
01/03/2022,N/A,28420,0,0.12,26,23676.94
02/03/2022,Coupe,50598,0,0.68,19,34563.43
03/03/2022,Wagon,40944,0,0.15,33,24585.64
04/03/2022,Hatchback,32471,0,0.14,18,22602.9
05/03/2022,SUV,42819,0,0.49,51,34968.43
06/03/2022,SUV,35778,0,0.47,76,25036.05
07/03/2022,Wagon,48747,0,0.43,32,26490.45
08/03/2022,Sedan,25153,0,0.23,31,15858.06
09/03/2022,Van,56217,0,0.62,58,50720.82
10/03/2022,Crossover,31434,0,0.51,79,19992.84
11/03/2022,Sedan,33746,1,0.38,61,23092.43
12/03/2022,Wagon,50178,0,0.41,24,40138.79
13/03/2022,Sedan,27423,1,0.65,13,25781.91
14/03/2022,Crossover,40737,0,0.0,14,27196.81
15/03/2022,Truck,53340,0,0.27,35,42460.66
16/03/2022,Sedan,22619,0,0.33,72,13906.43
17/03/2022,Coupe,67303,0,0.56,58,46134.43
18/03/2022,Convertible,56105,0,0.7,26,45511.14
19/03/2022,Van,50540,0,0.54,28,36718.7
20/03/2022,Crossover,35789,0,0.12,35,25242.43
21/03/2022,Coupe,44868,0,0.34,52,36356.81
22/03/2022,Truck,62186,0,0.14,67,38683.03
23/03/2022,Pickup,86126,0,0.69,21,60951.41
24/03/2022,Truck,59507,0,0.59,30,44651.65
25/03/2022,Van,35339,0,0.52,29,26839.55
26/03/2022,Truck,60329,0,0.58,59,41429.19
27/03/2022,Wagon,34726,1,0.73,49,34334.44
28/03/2022,Crossover,36851,0,0.59,18,26173.21
29/03/2022,Van,47748,0,0.59,41,32287.48
30/03/2022,Convertible,48484,1,0.23,47,35886.41
31/03/2022,Sedan,32688,0,0.1,37,19377.35
01/04/2022,Truck,63757,0,0.54,56,44289.28
02/04/2022,Sedan,24564,1,0.34,23,20634.67
03/04/2022,Truck,66015,0,0.02,39,39001.59
04/04/2022,Truck,50908,0,0.29,14,27771.44
05/04/2022,Pickup,43371,0,0.45,66,30209.8
06/04/2022,Convertible,68774,0,0.56,52,56356.7
07/04/2022,Wagon,35236,0,0.55,48,26342.53
08/04/2022,Pickup,49731,0,0.34,70,36253.19
09/04/2022,Convertible,61726,0,0.78,17,48974.22
10/04/2022,Truck,56680,0,0.53,82,40894.24
11/04/2022,Crossover,37063,1,0.45,51,28971.05
12/04/2022,Coupe,42835,0,0.65,36,29406.78
13/04/2022,Convertible,53032,0,0.67,59,40790.36
14/04/2022,Convertible,69997,0,0.33,37,49309.14
15/04/2022,Coupe,65973,0,0.35,44,51626.93
16/04/2022,Wagon,38826,0,0.63,50,28594.93
17/04/2022,Wagon,44330,0,0.55,24,31443.55
18/04/2022,Error,55211,0,0.28,37,29296.68
19/04/2022,Error,53020,1,0.0,60,36738.99
20/04/2022,Hatchback,16713,0,0.28,27,11225.89
21/04/2022,Wagon,44254,0,0.27,42,31465.47
22/04/2022,Hatchback,33425,0,0.55,22,28197.83
23/04/2022,Truck,63655,0,0.22,57,50504.93
24/04/2022,Van,46371,1,0.23,35,30543.14
25/04/2022,Crossover,31060,0,0.23,78,21673.48
26/04/2022,Convertible,54276,1,0.48,31,43352.5
27/04/2022,Truck,53393,0,0.37,61,35471.55
28/04/2022,Van,44396,0,0.28,43,31826.64
29/04/2022,Wagon,55191,0,0.92,23,41384.3
30/04/2022,Crossover,34465,1,0.67,47,33585.5
01/05/2022,Pickup,62168,1,0.5,64,61467.02
02/05/2022,Hatchback,27219,0,0.28,49,17471.33
03/05/2022,SUV,46487,0,0.23,84,33258.61
04/05/2022,N/A,55203,0,0.26,59,39302.18
05/05/2022,Pickup,48454,0,0.72,51,31392.25
06/05/2022,Convertible,58580,0,0.33,46,41714.32
07/05/2022,Wagon,27869,1,0.06,76,19776.08
08/05/2022,SUV,41291,0,0.14,54,27247.82
09/05/2022,Pickup,63385,0,0.25,23,39309.61
10/05/2022,Convertible,49046,0,0.4,56,34817.59
11/05/2022,Coupe,71840,0,0.28,26,47140.41
12/05/2022,Crossover,40168,1,0.53,62,39082.95
13/05/2022,Wagon,54020,0,0.34,50,30797.67
14/05/2022,Truck,59814,1,0.44,59,42353.99
15/05/2022,???,38443,1,0.72,74,33442.6
16/05/2022,Crossover,39473,0,0.71,67,23933.74
17/05/2022,Sedan,33421,0,0.07,58,22492.43
18/05/2022,Hatchback,18574,0,0.56,74,15228.18
19/05/2022,SUV,33256,0,0.02,27,24273.77
20/05/2022,Convertible,62364,1,0.59,33,58288.41
21/05/2022,Truck,52957,0,0.63,69,46110.13
22/05/2022,SUV,32830,1,0.33,75,29185.99
23/05/2022,SUV,44839,0,0.83,52,39032.42
24/05/2022,Sedan,25450,0,0.39,30,15615.5
25/05/2022,Error,24593,0,0.69,59,19057.79
26/05/2022,Convertible,73525,1,0.06,14,60131.54
27/05/2022,Hatchback,30479,1,0.88,19,29892.63
28/05/2022,N/A,84222,0,0.0,63,58438.27
29/05/2022,SUV,34909,0,0.64,33,25509.5
30/05/2022,Coupe,48569,0,0.37,72,37510.42
31/05/2022,Coupe,65588,0,0.51,28,45498.79
01/06/2022,Sedan,31413,0,0.49,48,20355.54
02/06/2022,???,28213,0,0.28,59,18464.23
03/06/2022,Unknown,38022,0,0.6,70,24915.08
04/06/2022,Wagon,47417,0,0.06,20,37662.68
05/06/2022,MISC_VEHICLE,41557,0,0.49,59,29348.85
06/06/2022,Wagon,29114,0,0.78,69,25957.84
07/06/2022,Wagon,43414,0,0.73,17,31830.3
08/06/2022,Van,46476,0,0.19,19,33861.41
09/06/2022,Sedan,28401,0,0.28,73,18087.54
10/06/2022,Convertible,61773,1,0.69,62,49529.79
11/06/2022,Crossover,30814,0,0.46,22,20983.36
12/06/2022,Wagon,30814,1,0.41,41,25550.73
13/06/2022,Sedan,29404,1,0.0,28,22248.48
14/06/2022,Error,47814,1,0.47,23,35557.8
15/06/2022,Van,44591,1,0.21,23,28290.64
16/06/2022,Truck,51161,0,0.16,72,31516.89
17/06/2022,Unknown,26591,1,0.13,60,22473.56
18/06/2022,Coupe,48662,0,0.55,65,37771.87
19/06/2022,Convertible,59013,0,0.61,25,47275.85
20/06/2022,Hatchback,25826,0,0.28,21,17816.79
21/06/2022,Hatchback,26619,0,0.59,41,16774.12
22/06/2022,Pickup,50930,0,0.84,48,41646.71
23/06/2022,Van,41997,0,0.71,20,31745.77
24/06/2022,Van,38339,0,0.38,44,32197.66
25/06/2022,Coupe,51261,0,0.49,39,32491.07
26/06/2022,Sedan,25355,0,0.15,69,17236.78
27/06/2022,Van,53254,0,0.34,12,37139.48
28/06/2022,Crossover,31939,0,0.38,71,19615.05
29/06/2022,Wagon,48948,1,0.07,73,35832.79
30/06/2022,Truck,52630,0,0.27,72,32888.91
01/07/2022,Convertible,65893,1,0.23,25,42872.05
02/07/2022,Hatchback,26463,0,0.34,37,19425.18
03/07/2022,Unknown,46664,0,0.54,57,37549.85
04/07/2022,Sedan,26814,1,0.71,16,25132.53
05/07/2022,Crossover,36835,1,0.59,34,32224.12
06/07/2022,SUV,37242,0,0.65,20,25331.24
07/07/2022,Convertible,58155,0,0.29,29,30754.55
08/07/2022,SUV,43458,0,0.59,21,32656.93
09/07/2022,Wagon,53970,0,0.45,75,47703.52
10/07/2022,Truck,57194,0,0.39,55,43792.39
11/07/2022,Van,43520,0,0.7,34,31783.21
12/07/2022,Unknown,24740,0,0.61,33,20632.43
13/07/2022,Convertible,64613,0,0.61,77,44155.54
14/07/2022,Convertible,47941,1,0.48,82,41529.33
15/07/2022,Pickup,56812,1,0.52,28,49043.22
16/07/2022,Van,50870,1,0.74,35,47028.1
17/07/2022,SUV,40447,1,0.66,73,29455.87
18/07/2022,Pickup,64240,0,0.66,63,55755.73
19/07/2022,Convertible,54011,0,0.74,27,36357.92
20/07/2022,Convertible,69989,1,0.58,76,63702.83
21/07/2022,SUV,41527,0,0.26,48,31736.39
22/07/2022,Coupe,54348,0,0.55,45,41671.56
23/07/2022,Convertible,55448,0,0.42,39,34399.85
24/07/2022,Pickup,69523,1,0.61,60,57064.94
25/07/2022,Van,32141,0,0.7,84,25150.75
26/07/2022,Sedan,25842,0,0.54,31,19003.91
27/07/2022,Crossover,43954,0,0.2,67,29153.99
28/07/2022,Van,44711,0,0.55,65,32463.41
29/07/2022,Hatchback,20125,0,0.26,75,17564.64
30/07/2022,Pickup,74679,0,0.58,28,48907.26
31/07/2022,Convertible,69074,1,0.3,51,53844.19
01/08/2022,Hatchback,27368,0,0.29,60,17914.53
02/08/2022,Truck,58258,0,0.28,32,37372.7
03/08/2022,Convertible,63647,1,0.45,23,41114.68
04/08/2022,Wagon,35236,0,0.59,20,30089.78
05/08/2022,Crossover,43014,0,0.15,43,31797.18
06/08/2022,Wagon,37929,0,0.77,41,23882.71
07/08/2022,Crossover,47579,0,0.13,23,28753.23
08/08/2022,Coupe,66168,0,0.69,75,57448.22
09/08/2022,Sedan,26360,0,0.41,82,14730.46
10/08/2022,???,56928,0,0.52,75,43565.44
11/08/2022,Pickup,75141,0,0.56,48,54926.88
12/08/2022,Convertible,61286,0,0.18,40,31567.19
13/08/2022,SUV,36021,0,0.69,65,28801.04
14/08/2022,Hatchback,24386,0,0.29,66,17247.33
15/08/2022,Sedan,25766,0,0.07,75,19874.84
16/08/2022,Hatchback,20522,0,0.45,47,15446.42
17/08/2022,Van,49278,0,0.39,35,38550.69
18/08/2022,Truck,51808,0,0.14,23,32318.08
19/08/2022,Truck,52738,0,0.5,78,34135.07
20/08/2022,Crossover,31046,0,0.7,28,24183.87
21/08/2022,Crossover,31046,0,0.36,24,23952.49
22/08/2022,Convertible,56241,0,0.86,79,42715.01
23/08/2022,Pickup,80484,0,0.84,83,69493.88
24/08/2022,Sedan,26271,0,0.2,57,18893.57
25/08/2022,Hatchback,30744,0,0.7,35,24028.15
26/08/2022,Coupe,65173,0,0.02,54,39639.07
27/08/2022,Truck,66627,0,0.42,80,44091.49
28/08/2022,Truck,65738,1,0.37,35,59824.31
29/08/2022,Sedan,27381,0,0.21,40,19141.27
30/08/2022,SUV,49450,0,0.52,76,30395.21
31/08/2022,Van,59058,0,0.63,80,54143.46
01/09/2022,Truck,61593,1,0.64,19,41240.66
02/09/2022,Convertible,47295,1,0.83,66,34772.52
03/09/2022,Sedan,28634,0,0.66,77,19581.16
04/09/2022,Van,53137,0,0.84,32,33344.45
05/09/2022,Truck,59880,0,0.25,27,43100.69
06/09/2022,SUV,41478,0,0.23,80,27981.21
07/09/2022,MISC_VEHICLE,35842,0,0.12,84,19760.11
08/09/2022,Sedan,19994,0,0.1,55,14472.11
09/09/2022,Convertible,64430,0,0.19,29,41253.44
10/09/2022,Hatchback,22040,0,0.38,29,12804.35
11/09/2022,Van,34735,0,0.63,29,25516.11
12/09/2022,Truck,60583,0,0.3,72,42317.92
13/09/2022,Hatchback,35280,1,0.11,56,26470.45
14/09/2022,Crossover,32990,0,0.41,75,24011.91
15/09/2022,Van,53798,0,0.73,45,36667.52
16/09/2022,SUV,42292,1,0.27,80,33806.18
17/09/2022,Hatchback,27771,0,0.38,79,20275.57
18/09/2022,Sedan,30096,0,0.41,44,23123.2
19/09/2022,Convertible,63140,1,0.61,19,53971.63
20/09/2022,Convertible,70662,0,0.35,25,44343.87
21/09/2022,SUV,37484,1,0.6,59,36874.24
22/09/2022,Wagon,49741,0,0.5,29,35525.04
23/09/2022,Hatchback,34000,0,0.55,52,24332.32
24/09/2022,Sedan,27026,0,0.42,42,18618.65
25/09/2022,SUV,39462,0,0.35,79,28021.62
26/09/2022,Pickup,41884,0,0.19,67,28191.01
27/09/2022,Convertible,47777,0,0.33,59,34492.92
28/09/2022,Convertible,67893,0,0.16,30,38054.77
29/09/2022,Crossover,27362,0,0.31,29,20775.18
30/09/2022,Truck,62805,0,0.42,22,50287.69
01/10/2022,Pickup,80761,1,0.73,47,79850.37
02/10/2022,Wagon,47017,0,0.0,42,32370.89
03/10/2022,Van,31103,0,0.75,78,26120.04
04/10/2022,Van,53370,1,0.17,25,37408.71
05/10/2022,Wagon,43129,0,0.34,37,26835.42
06/10/2022,Pickup,53625,1,0.45,23,35633.95
07/10/2022,Wagon,52993,0,0.7,46,38901.82
08/10/2022,Convertible,58688,0,0.74,19,48130.75
09/10/2022,Crossover,42176,1,0.57,44,42113.72
10/10/2022,Convertible,70322,0,0.52,63,49224.23
11/10/2022,Coupe,44894,0,0.48,57,33388.93
12/10/2022,SUV,48610,0,0.24,16,33250.48
13/10/2022,Van,51296,0,0.67,55,33151.17
14/10/2022,Coupe,70957,1,0.31,31,65664.8
15/10/2022,Coupe,60637,0,0.45,39,41271.44
16/10/2022,Van,57783,0,0.32,45,38937.83
17/10/2022,Sedan,24004,0,0.73,32,19915.91
18/10/2022,Convertible,58711,1,0.21,33,47046.49
19/10/2022,Sedan,23307,0,0.63,40,16617.46
20/10/2022,Hatchback,22960,0,0.58,27,17643.26
21/10/2022,Pickup,67823,1,0.07,47,55397.67
22/10/2022,SUV,40762,1,0.04,40,26798.02
23/10/2022,Truck,60864,0,0.44,15,47553.43
24/10/2022,Truck,47503,0,0.3,39,39408.27
25/10/2022,Van,47855,0,0.85,29,41569.24
26/10/2022,Error,64123,0,0.69,74,48684.87
27/10/2022,Sedan,21589,0,0.72,73,18561.89
28/10/2022,Pickup,70963,0,0.45,66,47494.16
29/10/2022,Coupe,66786,0,0.0,25,51262.35
30/10/2022,Convertible,66311,0,0.28,77,46768.15
31/10/2022,Crossover,38700,0,0.52,41,28457.24
01/11/2022,Sedan,23285,1,0.34,34,17460.58
02/11/2022,Pickup,43343,0,0.67,25,30731.09
03/11/2022,Coupe,63438,0,0.36,40,40011.92
04/11/2022,Wagon,34779,1,0.6,21,31613.4
05/11/2022,SUV,45067,0,0.67,44,31985.41
06/11/2022,Pickup,74862,0,0.68,60,60669.09
07/11/2022,Coupe,42952,1,0.33,67,27704.94
08/11/2022,Wagon,30418,0,0.43,38,18869.77
09/11/2022,Pickup,52190,0,0.11,78,35568.09
10/11/2022,Crossover,29752,1,0.13,18,29416.53
11/11/2022,Coupe,57908,0,0.17,32,42580.84
12/11/2022,Wagon,46715,0,0.16,17,30576.77
13/11/2022,SUV,37606,0,0.51,61,25398.59
14/11/2022,Convertible,47435,0,0.14,55,32685.94
15/11/2022,Van,48882,0,0.58,78,32539.22
16/11/2022,Pickup,64071,0,0.17,27,36513.09
17/11/2022,Truck,57564,0,0.49,49,38342.92
18/11/2022,Pickup,85282,1,0.88,77,80388.96
19/11/2022,Wagon,32883,0,0.55,17,23212.12
20/11/2022,SUV,43104,0,0.22,15,26663.94
21/11/2022,Wagon,36798,0,0.8,68,27873.73
22/11/2022,Crossover,34606,0,0.5,48,23926.24
23/11/2022,Crossover,42913,0,0.14,65,29523.59
24/11/2022,Truck,47316,0,0.27,24,30525.16
25/11/2022,SUV,45328,0,0.39,68,30705.42
26/11/2022,Wagon,44179,0,0.28,74,26334.07
27/11/2022,Truck,52790,0,0.53,73,37547.34
28/11/2022,Wagon,49951,0,0.16,64,27568.49
29/11/2022,Sedan,25938,0,0.56,21,19589.95
30/11/2022,Wagon,53979,0,0.38,22,38332.22
01/12/2022,Wagon,33283,1,0.59,20,26361.72
02/12/2022,Sedan,33099,0,0.76,61,28144.66
03/12/2022,Pickup,69659,0,0.0,28,48878.05
04/12/2022,SUV,47945,0,0.74,81,33443.23
05/12/2022,Pickup,57916,0,0.28,47,32105.85
06/12/2022,Convertible,66519,1,0.4,51,55367.32
07/12/2022,Van,43123,0,0.46,20,27366.17
08/12/2022,SUV,43585,1,0.51,24,34506.07
09/12/2022,Sedan,26003,1,0.35,28,22298.86
10/12/2022,Convertible,56151,0,0.38,18,41849.74
11/12/2022,Coupe,78087,0,0.15,72,54500.73
12/12/2022,Convertible,62509,1,0.32,24,40782.13
13/12/2022,Sedan,32547,0,0.57,29,21825.06
14/12/2022,Coupe,79378,0,0.54,65,55819.51
15/12/2022,Sedan,32414,0,0.02,21,17837.32
16/12/2022,SUV,37335,0,0.0,52,21458.23
17/12/2022,Pickup,44451,0,0.65,62,36873.6
18/12/2022,Crossover,30156,0,0.59,83,21337.33
19/12/2022,Pickup,56978,0,0.52,68,37932.64
20/12/2022,Pickup,66641,1,0.3,46,48242.83
21/12/2022,Convertible,50912,0,0.57,47,32286.03
22/12/2022,Truck,66106,1,0.5,24,59465.1
23/12/2022,Truck,60688,0,0.38,79,37160.36
24/12/2022,Unknown,28403,0,0.07,55,16148.56
25/12/2022,Crossover,31581,1,0.13,15,22686.62
26/12/2022,SUV,37943,0,0.74,50,29510.93
27/12/2022,Coupe,54383,0,0.32,76,41204.13
28/12/2022,Wagon,41452,0,0.56,84,24833.75
29/12/2022,Van,48301,0,0.36,56,31737.92
30/12/2022,Coupe,72926,0,0.49,42,47900.84
31/12/2022,SUV,48293,0,0.84,20,39146.98
01/01/2023,Sedan,28796,1,0.56,19,24191.11
02/01/2023,SUV,42233,0,0.66,70,33065.2
03/01/2023,Coupe,53740,0,0.59,78,37737.52
04/01/2023,Pickup,42974,1,0.22,78,35530.96
05/01/2023,Wagon,38876,0,0.47,59,29566.58
06/01/2023,Coupe,63437,0,0.3,45,41730.41
07/01/2023,Crossover,25863,0,0.5,12,22219.84
08/01/2023,Coupe,78918,0,0.3,84,46719.59
09/01/2023,Van,50647,0,0.16,28,29480.41
10/01/2023,Crossover,38305,0,0.73,68,28410.18
11/01/2023,Pickup,43908,1,0.35,57,30777.88
12/01/2023,Crossover,45054,1,0.86,21,38963.64
13/01/2023,Hatchback,23851,0,0.77,13,19767.91
14/01/2023,Crossover,32069,1,0.59,25,23270.79
15/01/2023,Hatchback,28565,0,0.25,60,18733.6
16/01/2023,Van,45114,0,0.77,78,41677.55
17/01/2023,Van,54325,0,0.05,65,31053.93
18/01/2023,Crossover,39085,0,0.7,81,23250.87
19/01/2023,Hatchback,24196,0,0.2,41,19862.7
20/01/2023,Pickup,85894,1,0.57,33,81349.3
21/01/2023,SUV,44131,0,0.33,38,25111.91
22/01/2023,Pickup,58377,0,0.39,19,37667.76
23/01/2023,Pickup,70490,1,0.65,14,63432.39
24/01/2023,SUV,40359,0,0.1,40,27691.28
25/01/2023,Pickup,49785,0,0.58,42,36792.68
26/01/2023,Pickup,62102,0,0.32,29,40081.42
27/01/2023,Van,36600,0,0.6,29,31026.17
28/01/2023,Sedan,27325,0,0.37,36,17052.46
29/01/2023,Coupe,59235,0,0.4,47,46536.66
30/01/2023,Coupe,71346,0,0.75,76,62455.14
31/01/2023,Convertible,64356,1,0.49,58,54949.69
01/02/2023,Van,39340,1,0.27,35,30104.26
02/02/2023,Pickup,49962,0,0.68,60,35326.92
03/02/2023,Sedan,34123,0,0.26,42,20222.62
04/02/2023,Truck,52124,1,0.51,55,47584.18
05/02/2023,Pickup,82720,0,0.49,51,47360.87
06/02/2023,Van,40062,0,0.6,50,23463.63
07/02/2023,Coupe,76078,1,0.48,73,60600.38
08/02/2023,Crossover,27631,0,0.58,19,19178.25
09/02/2023,Van,53272,1,0.32,76,44493.94
10/02/2023,Sedan,31500,0,0.31,44,20141.42
11/02/2023,Convertible,71891,0,0.82,16,48109.73
12/02/2023,Wagon,52323,0,0.43,84,34992.19
13/02/2023,Crossover,30072,0,0.38,43,19224.22
14/02/2023,SUV,39223,0,0.23,15,26996.27
15/02/2023,Hatchback,33717,0,0.42,39,25062.12
16/02/2023,Convertible,69554,0,0.54,17,53564.44
17/02/2023,Truck,48391,0,0.38,40,34735.9
18/02/2023,Pickup,78267,0,0.89,56,65046.95
19/02/2023,Van,50513,0,0.11,76,30334.64
20/02/2023,Hatchback,30734,0,0.62,39,19953.59
21/02/2023,Hatchback,29903,0,0.17,49,20896.85
22/02/2023,Coupe,59704,1,0.88,58,48082.36
23/02/2023,Sedan,27416,0,0.66,65,21428.8
24/02/2023,Van,53711,1,0.84,58,43802.68
25/02/2023,SUV,45651,0,0.49,55,30303.3
26/02/2023,SUV,48519,0,0.33,27,27782.67
27/02/2023,Coupe,68130,0,0.8,17,59362.24
28/02/2023,Coupe,73335,0,0.57,28,55995.2
01/03/2023,MISC_VEHICLE,21708,0,0.52,74,16433.35
02/03/2023,Hatchback,20487,0,0.31,53,14593.53
03/03/2023,Convertible,45934,0,0.81,82,40639.36
04/03/2023,MISC_VEHICLE,30830,0,0.75,75,22896.51
05/03/2023,SUV,49315,0,0.59,57,35782.49
06/03/2023,Convertible,61823,0,0.36,72,45602.32
07/03/2023,Coupe,71226,0,0.34,67,49638.48
08/03/2023,Truck,55817,0,0.52,14,34167.88
09/03/2023,Wagon,39421,0,0.29,59,31862.98
10/03/2023,Van,34187,0,0.2,45,22480.58
11/03/2023,Van,53843,0,0.1,26,39256.18
12/03/2023,???,32633,1,0.78,49,23694.39
13/03/2023,SUV,37253,0,0.63,71,33467.45
14/03/2023,Crossover,43513,0,0.23,37,24513.02
15/03/2023,Pickup,61516,0,0.74,42,49329.17
16/03/2023,Coupe,63315,0,0.21,59,42591.36
17/03/2023,Hatchback,33070,0,0.69,36,26655.85
18/03/2023,Crossover,28962,0,0.3,16,21909.41
19/03/2023,Hatchback,25488,0,0.58,64,19641.86
20/03/2023,Crossover,44946,0,0.72,68,32129.77
21/03/2023,Van,45725,1,0.7,41,37138.32
22/03/2023,Sedan,27969,0,0.37,43,20876.1
23/03/2023,Truck,56746,0,0.52,46,42871.97
24/03/2023,Wagon,41056,1,0.6,36,31235.15
25/03/2023,Pickup,47145,0,0.62,63,37203.43
26/03/2023,Van,41803,1,0.48,21,35982.26
27/03/2023,???,31689,1,0.36,54,22923.45
28/03/2023,Convertible,66287,1,0.12,45,53806.71
29/03/2023,Truck,60982,0,0.16,37,40744.21
30/03/2023,Pickup,88571,0,0.92,29,62574.16
31/03/2023,SUV,40246,0,0.39,54,25722.6
01/04/2023,Hatchback,22365,0,0.74,79,16535.5
02/04/2023,Crossover,44169,1,0.5,38,33420.93
03/04/2023,Crossover,44581,0,0.66,12,28924.47
04/04/2023,Pickup,62266,0,0.57,69,35771.68
05/04/2023,Coupe,73592,1,0.36,81,63716.8
06/04/2023,Van,45655,0,0.08,21,30011.65
07/04/2023,Crossover,42879,1,0.43,15,34076.41
08/04/2023,Sedan,28130,0,0.28,57,18874.99
09/04/2023,Convertible,71901,0,0.67,58,60171.57
10/04/2023,Crossover,40036,0,0.71,68,36783.56
11/04/2023,Wagon,44898,0,0.43,59,38521.72
12/04/2023,Pickup,75633,0,0.49,35,57548.74
13/04/2023,Sedan,35344,0,0.6,14,25082.08
14/04/2023,SUV,47721,0,0.71,81,32362.84
15/04/2023,Crossover,34923,0,0.72,29,25837.81
16/04/2023,Sedan,27189,1,0.76,33,23968.36
17/04/2023,Sedan,26912,0,0.16,39,18310.64
18/04/2023,Hatchback,28697,0,0.84,51,19259.24
19/04/2023,Pickup,53195,0,0.61,43,43329.03
20/04/2023,Sedan,28645,0,0.37,75,20215.26
21/04/2023,Wagon,42739,0,0.37,67,29582.36
22/04/2023,Truck,45915,0,0.29,22,29939.32
23/04/2023,Wagon,29560,1,0.73,80,25066.83
24/04/2023,Wagon,33199,1,0.74,47,32466.09
25/04/2023,Coupe,56811,1,0.57,71,45916.42
26/04/2023,Sedan,35109,0,0.67,20,27413.06
27/04/2023,Truck,66115,0,0.38,34,39009.29
28/04/2023,Truck,52681,0,0.54,69,40471.07
29/04/2023,Convertible,55518,1,0.14,73,38199.66
30/04/2023,Wagon,54051,0,0.42,47,35419.52
01/05/2023,Van,49175,1,0.83,34,42291.53
02/05/2023,Van,57640,0,0.63,45,36397.14
03/05/2023,Crossover,42924,1,0.57,33,36605.7
04/05/2023,SUV,46082,1,0.38,76,35570.34
05/05/2023,Wagon,43511,0,0.76,82,37645.42
06/05/2023,MISC_VEHICLE,57358,0,0.17,13,32193.68
07/05/2023,Truck,49640,0,0.41,41,27473.0
08/05/2023,Convertible,55839,0,0.62,82,48791.05
09/05/2023,Sedan,23632,0,0.87,65,15473.51
10/05/2023,Sedan,22428,0,0.88,72,15852.75
11/05/2023,Sedan,30652,0,0.52,24,17909.67
12/05/2023,Crossover,37486,0,0.54,63,29276.49
13/05/2023,Van,57368,0,0.14,26,35138.68
14/05/2023,Coupe,47623,0,0.22,65,31852.18
15/05/2023,Hatchback,23371,0,0.91,57,20626.73
16/05/2023,Unknown,44993,0,0.64,29,33551.43
17/05/2023,Sedan,24573,0,0.17,69,19776.61
18/05/2023,Sedan,20116,0,0.72,38,16340.66
19/05/2023,Pickup,50202,0,0.3,33,36895.85
20/05/2023,Pickup,61343,0,0.43,54,41880.11
21/05/2023,Pickup,48458,1,0.81,56,37886.36
22/05/2023,Wagon,52830,1,0.58,71,43164.58
23/05/2023,Hatchback,27433,0,0.55,64,18930.25
24/05/2023,Coupe,61399,1,0.31,13,52428.82
25/05/2023,Van,49573,0,0.73,35,38912.28
26/05/2023,Truck,52830,1,0.09,22,43131.32
27/05/2023,Wagon,49579,0,0.6,57,39432.9
28/05/2023,Wagon,52001,0,0.36,69,35958.51
29/05/2023,Convertible,57324,0,0.85,17,39387.36
30/05/2023,Truck,64501,0,0.37,21,42389.11
31/05/2023,SUV,47092,0,0.29,34,26968.83
01/06/2023,Convertible,53929,0,0.3,28,38944.95
02/06/2023,Truck,54852,0,0.17,50,38789.78
03/06/2023,Error,48919,0,0.14,15,31367.31
04/06/2023,Van,40257,0,0.12,50,28839.69
05/06/2023,Coupe,63163,0,0.55,50,42320.3
06/06/2023,Coupe,44026,0,0.26,66,26465.21
07/06/2023,Van,37754,0,0.73,65,28893.31
08/06/2023,Coupe,70227,1,0.76,52,66421.54
09/06/2023,Coupe,52192,0,0.44,55,40971.1
10/06/2023,SUV,40124,0,0.44,50,28088.61
11/06/2023,Wagon,34069,1,0.46,53,28944.32
12/06/2023,Hatchback,23079,0,0.28,68,17073.04
13/06/2023,Unknown,66738,0,0.09,67,41266.1
14/06/2023,Coupe,75440,1,0.1,26,56763.66
15/06/2023,SUV,39239,1,0.14,25,27862.95
16/06/2023,Coupe,44840,1,0.76,36,40101.47
17/06/2023,???,27746,0,0.42,59,17859.78
18/06/2023,Error,32018,1,0.32,70,28486.14
19/06/2023,Pickup,85086,0,0.63,71,58480.65
20/06/2023,Hatchback,23583,0,0.66,67,15151.14
21/06/2023,Truck,62387,0,0.57,34,50314.23
22/06/2023,Coupe,60617,0,0.49,70,38760.73
23/06/2023,Convertible,69354,0,0.36,35,48649.29
24/06/2023,Sedan,22690,0,0.23,56,18015.06
25/06/2023,Crossover,27306,1,0.42,56,26003.14
26/06/2023,Truck,52482,0,0.52,52,39195.91
27/06/2023,Sedan,27195,0,0.39,68,13044.4
28/06/2023,Crossover,41439,0,0.47,76,25597.75
29/06/2023,Convertible,50238,1,0.44,33,45056.73
30/06/2023,Sedan,29131,1,0.69,27,21756.14
01/07/2023,Sedan,21940,1,0.52,51,17151.27
02/07/2023,SUV,41757,0,0.52,15,31758.78
03/07/2023,Van,35538,0,0.66,62,30280.5
04/07/2023,Wagon,50216,0,0.25,21,40728.32
05/07/2023,Coupe,70873,0,0.4,25,42707.6
06/07/2023,Unknown,57531,1,0.75,82,49098.09
07/07/2023,Van,32146,1,0.29,72,26149.1
08/07/2023,Van,56517,0,0.51,39,40084.1
09/07/2023,Wagon,42378,0,0.7,77,35143.46
10/07/2023,Sedan,21813,0,0.47,14,18266.27
11/07/2023,Coupe,55553,0,0.79,21,50682.87
12/07/2023,Wagon,34245,0,0.73,45,25966.89
13/07/2023,Truck,62195,1,0.21,81,45113.21
14/07/2023,Coupe,77145,0,0.55,71,57774.47
15/07/2023,Hatchback,30253,0,0.23,23,19669.26
16/07/2023,Unknown,51062,1,0.26,66,37066.75
17/07/2023,Van,50810,0,0.8,29,41428.13
18/07/2023,Convertible,52464,0,0.21,61,30141.74
19/07/2023,Unknown,62639,1,0.25,54,51822.16
20/07/2023,Convertible,45660,0,0.77,62,31480.79
21/07/2023,Coupe,42669,0,0.38,50,32992.48
22/07/2023,SUV,46550,1,0.68,61,43510.27
23/07/2023,Van,35925,0,0.6,45,24337.54
24/07/2023,Truck,50245,0,0.89,14,40902.72
25/07/2023,Convertible,67678,0,0.45,57,43247.79
26/07/2023,Pickup,84959,1,0.82,74,84001.03
27/07/2023,Wagon,53767,0,0.67,21,41034.06
28/07/2023,Convertible,50734,0,0.34,76,45690.6
29/07/2023,Van,56856,0,0.75,14,51994.79
30/07/2023,SUV,47815,0,0.47,81,40039.18
31/07/2023,Pickup,52631,0,0.43,55,30893.93
01/08/2023,Sedan,32569,0,0.68,19,23948.48
02/08/2023,Wagon,42992,1,0.28,73,32997.39
03/08/2023,Coupe,63234,0,0.62,58,41969.04
04/08/2023,SUV,45052,1,0.57,80,40080.92
05/08/2023,Convertible,51293,1,0.45,41,40621.63
06/08/2023,Sedan,28444,0,0.62,13,19325.58
07/08/2023,Convertible,75816,0,0.61,42,53659.82
08/08/2023,Convertible,76397,0,0.19,45,44182.43
09/08/2023,Sedan,34362,0,0.02,30,20965.23
10/08/2023,Convertible,47286,0,0.69,77,37318.54
11/08/2023,Van,60434,0,0.26,27,45810.67
12/08/2023,Convertible,49959,1,0.61,60,37746.27
13/08/2023,Hatchback,33259,1,0.58,37,31332.7
14/08/2023,Crossover,35370,1,0.79,42,28282.1
15/08/2023,Van,35361,0,0.0,60,22019.02
16/08/2023,Hatchback,29731,0,0.22,22,20034.08
17/08/2023,SUV,45694,0,0.44,32,28131.22
18/08/2023,Van,52295,1,0.28,16,37268.33
19/08/2023,Coupe,67362,1,0.67,21,52889.26
20/08/2023,Wagon,33050,1,0.22,14,24711.97
21/08/2023,Truck,54969,0,0.32,84,43947.16
22/08/2023,SUV,38621,0,0.25,33,22391.82
23/08/2023,SUV,39550,0,0.27,72,26079.85
24/08/2023,Crossover,35821,1,0.48,23,28860.49
25/08/2023,Sedan,22707,0,0.23,66,14293.46
26/08/2023,Van,37973,0,0.46,66,22805.19
27/08/2023,Wagon,33610,0,0.62,62,26289.69
28/08/2023,Coupe,71386,0,0.18,84,38398.08
29/08/2023,Convertible,52623,0,0.65,21,44464.09
30/08/2023,Crossover,35703,1,0.39,18,23620.78
31/08/2023,Sedan,30407,0,0.46,32,22998.11
01/09/2023,Wagon,46684,0,0.7,26,38074.83
02/09/2023,SUV,41681,1,0.53,50,30009.11
03/09/2023,Van,34839,0,0.64,21,30549.23
04/09/2023,Pickup,42050,1,0.43,15,32120.86
05/09/2023,???,39359,0,0.72,38,25977.69
06/09/2023,Sedan,29665,0,0.03,65,15957.68
07/09/2023,SUV,52745,1,0.66,58,44075.92
08/09/2023,Crossover,47384,0,0.2,54,29111.46
09/09/2023,Sedan,28458,0,0.61,17,20078.71
10/09/2023,Crossover,45026,0,0.28,79,34053.58
11/09/2023,N/A,27547,1,0.55,52,19008.73
12/09/2023,Pickup,84300,0,0.13,24,57403.92
13/09/2023,Wagon,44939,0,0.66,73,39155.79
14/09/2023,???,27673,0,0.4,72,19127.55
15/09/2023,Coupe,64352,0,0.08,18,40859.31
16/09/2023,Pickup,68568,0,0.14,16,52548.39
17/09/2023,Truck,50882,0,0.54,41,34214.06
18/09/2023,Crossover,36124,0,0.64,68,25329.88
19/09/2023,Sedan,29143,1,0.21,59,20484.58
20/09/2023,Truck,52575,0,0.72,51,44333.69
21/09/2023,Truck,51745,0,0.31,42,26932.14
22/09/2023,Van,40358,1,0.66,62,29945.16
23/09/2023,SUV,40384,0,0.12,35,24551.56
24/09/2023,Pickup,42115,0,0.22,74,22903.68
25/09/2023,Truck,56877,0,0.55,17,44995.36
26/09/2023,Van,33023,1,0.5,18,25936.0
27/09/2023,Van,56514,1,0.52,41,51527.59
28/09/2023,Pickup,67317,1,0.64,33,63072.46
29/09/2023,Hatchback,18834,1,0.48,81,16510.3
30/09/2023,Hatchback,28568,0,0.45,42,20182.48
01/10/2023,Truck,56168,0,0.39,65,32892.5
02/10/2023,Convertible,46222,0,0.27,41,27586.02
03/10/2023,Wagon,53653,0,0.45,46,43157.89
04/10/2023,Convertible,73787,0,0.85,82,58297.54
05/10/2023,SUV,41545,0,0.6,13,25365.72
06/10/2023,Coupe,43163,0,0.18,46,29981.64
07/10/2023,Unknown,87495,0,0.36,32,63204.54
08/10/2023,Van,32421,0,0.32,27,17364.9
09/10/2023,Crossover,32268,0,0.54,29,24854.04
10/10/2023,Truck,45829,0,0.46,32,36726.05
11/10/2023,Crossover,30345,1,0.07,18,20976.64
12/10/2023,Convertible,58443,0,0.66,73,50063.29
13/10/2023,Convertible,60621,0,0.28,41,46352.53
14/10/2023,Hatchback,19933,0,0.61,24,11966.17
15/10/2023,Sedan,31220,0,0.29,34,21661.66
16/10/2023,SUV,36775,0,0.27,41,23640.94
17/10/2023,Convertible,64828,0,0.4,50,40672.54
18/10/2023,Truck,62678,1,0.17,49,46019.83
19/10/2023,Convertible,72045,0,0.73,14,46276.94
20/10/2023,Crossover,45657,1,0.62,15,38481.88
21/10/2023,Crossover,39231,1,0.67,28,26637.0
22/10/2023,Wagon,54207,1,0.56,53,45299.62
23/10/2023,Convertible,48567,0,0.74,17,35763.46
24/10/2023,Convertible,71241,0,0.36,38,50882.61
25/10/2023,Convertible,72307,1,0.36,25,53315.75
26/10/2023,SUV,34768,1,0.56,42,27206.19
27/10/2023,Convertible,52660,1,0.26,61,34712.51
28/10/2023,Crossover,44921,0,0.14,33,30333.98
29/10/2023,Coupe,71199,0,0.37,55,46681.96
30/10/2023,SUV,46883,0,0.41,29,34459.98
31/10/2023,Truck,46466,0,0.32,70,31515.34
01/11/2023,Hatchback,28742,1,0.82,66,24614.92
02/11/2023,Wagon,50111,1,0.39,21,37130.46
03/11/2023,Convertible,68481,0,0.13,17,46826.32
04/11/2023,Hatchback,28892,0,0.24,57,18892.48
05/11/2023,Truck,60705,1,0.18,23,46383.59
06/11/2023,Pickup,80894,0,0.47,21,69210.35
07/11/2023,Van,45717,0,0.33,24,35020.2
08/11/2023,Crossover,32354,0,0.77,16,25343.51
09/11/2023,Hatchback,22159,0,0.27,14,17306.23
10/11/2023,SUV,48086,1,0.52,53,44479.82
11/11/2023,Crossover,38598,1,0.23,25,27308.17
12/11/2023,SUV,43224,0,0.69,27,28046.18
13/11/2023,Convertible,69043,0,0.48,77,51915.2
14/11/2023,Sedan,30208,0,0.39,60,17105.61
15/11/2023,Pickup,61244,1,0.64,71,53923.69
16/11/2023,Coupe,46657,0,0.66,31,38832.41
17/11/2023,Pickup,68848,1,0.2,43,52829.33
18/11/2023,Crossover,33138,0,0.65,37,28159.65
19/11/2023,Wagon,41998,0,0.41,30,30442.53
20/11/2023,Convertible,59960,0,0.4,47,37147.84
21/11/2023,Error,41948,1,0.31,66,31083.55
22/11/2023,MISC_VEHICLE,44633,0,0.16,30,30881.61
23/11/2023,Crossover,39922,0,0.05,31,28441.46
24/11/2023,Truck,56319,0,0.63,29,44350.94
25/11/2023,Convertible,72525,0,0.62,34,46648.52
26/11/2023,Sedan,22433,0,0.42,51,17613.95
27/11/2023,Wagon,45977,0,0.28,71,30226.96
28/11/2023,Pickup,82797,0,0.53,18,63298.16
29/11/2023,Coupe,53824,0,0.62,21,37213.36
30/11/2023,Pickup,46764,0,0.28,63,27992.39
01/12/2023,Coupe,67481,1,0.51,45,47986.34
02/12/2023,Pickup,61563,0,0.59,68,43204.2
03/12/2023,Van,32116,0,0.69,47,24401.05
04/12/2023,Coupe,61890,0,0.63,14,50284.31
05/12/2023,Sedan,28897,1,0.23,18,24103.5
06/12/2023,Crossover,40098,0,0.49,52,24854.72
07/12/2023,Wagon,37977,0,0.27,41,21945.85
08/12/2023,SUV,45116,0,0.14,61,29166.2
09/12/2023,Crossover,31844,1,0.16,22,29316.86
10/12/2023,Hatchback,21380,0,0.25,73,14027.58
11/12/2023,Pickup,56382,0,0.65,68,41626.65
12/12/2023,Hatchback,16799,0,0.19,33,11388.58
13/12/2023,Coupe,69911,1,0.32,16,50206.64
14/12/2023,SUV,48449,0,0.49,53,35017.83
15/12/2023,Crossover,34048,0,0.7,68,33664.09
16/12/2023,Wagon,44147,0,0.48,58,33819.18
17/12/2023,Truck,59852,0,0.7,35,52480.77
18/12/2023,Sedan,32779,0,0.31,23,23172.16
19/12/2023,Crossover,41668,0,0.7,83,33949.68
20/12/2023,SUV,49215,1,0.54,16,37264.29
21/12/2023,Van,51284,1,0.63,24,39924.32
22/12/2023,Crossover,34689,0,0.64,37,27128.2
23/12/2023,Hatchback,28461,1,0.09,83,19547.92
24/12/2023,SUV,46748,0,0.43,68,30578.49
25/12/2023,Truck,45768,1,0.33,78,39661.88
26/12/2023,Coupe,55900,0,0.48,29,36035.63
27/12/2023,Crossover,28704,1,0.13,22,22995.09
28/12/2023,Convertible,50504,0,0.14,81,32049.01
29/12/2023,Pickup,55353,0,0.34,55,40944.99
30/12/2023,Crossover,41239,1,0.39,48,30969.23
31/12/2023,Hatchback,24008,0,0.23,38,13243.83
01/01/2024,Convertible,57362,0,0.12,29,32267.87
02/01/2024,Crossover,45137,0,0.78,73,39221.5
03/01/2024,Truck,45844,0,0.71,76,36653.35
04/01/2024,Pickup,64573,1,0.09,31,44597.37
05/01/2024,Crossover,37965,0,0.24,32,23031.84
06/01/2024,Truck,45866,0,0.19,69,30319.07
07/01/2024,Hatchback,26732,0,0.49,63,18924.95
08/01/2024,Convertible,63556,0,0.68,40,50705.78
09/01/2024,MISC_VEHICLE,60038,0,0.68,64,43632.09
10/01/2024,Wagon,37637,0,0.35,17,24575.96
11/01/2024,Wagon,33572,0,0.2,12,21565.36
12/01/2024,SUV,43605,1,0.35,78,28201.24
13/01/2024,Van,52065,0,0.6,22,36375.88
14/01/2024,SUV,45477,0,0.5,61,40099.13
15/01/2024,Convertible,74685,0,0.27,56,46521.13
16/01/2024,Hatchback,21887,0,0.71,34,11714.03
17/01/2024,Wagon,46938,0,0.63,63,31621.4
18/01/2024,SUV,48594,0,0.29,84,25087.24
19/01/2024,Convertible,58732,0,0.08,59,40183.12
20/01/2024,Hatchback,32506,0,0.25,64,23660.87
21/01/2024,Pickup,56839,0,0.01,24,34896.65
22/01/2024,Van,48096,0,0.64,17,37359.96
23/01/2024,Convertible,48611,1,0.37,48,38257.07
24/01/2024,Truck,58957,0,0.73,66,53563.38
25/01/2024,Coupe,52757,0,0.27,12,29662.45
26/01/2024,Truck,43437,0,0.69,58,34423.84
27/01/2024,MISC_VEHICLE,25552,0,0.69,81,22136.43
28/01/2024,Coupe,74818,1,0.21,64,64187.13
29/01/2024,Crossover,41599,0,0.42,57,32767.37
30/01/2024,Sedan,33585,0,0.28,44,21042.04
31/01/2024,Coupe,70662,1,0.59,16,66352.84
01/02/2024,Sedan,29523,0,0.62,52,26017.89
02/02/2024,Van,37072,0,0.69,62,29778.22
03/02/2024,Sedan,30519,0,0.68,51,18419.45
04/02/2024,Coupe,58882,0,0.42,27,35316.88
05/02/2024,SUV,39244,0,0.82,13,36440.09
06/02/2024,Wagon,40776,0,0.61,20,31806.2
07/02/2024,Wagon,51164,0,0.72,82,46055.95
08/02/2024,Van,40333,0,0.31,33,28754.27
09/02/2024,Convertible,75975,0,0.19,30,45899.38
10/02/2024,Hatchback,24695,0,0.03,52,15827.68
11/02/2024,Crossover,43673,0,0.47,84,30886.19
12/02/2024,Truck,50762,1,0.55,65,47625.15
13/02/2024,Sedan,26052,0,0.24,22,18109.35
14/02/2024,Pickup,51130,0,0.21,44,41113.06
15/02/2024,Error,51105,1,0.36,62,38808.09
16/02/2024,Wagon,37487,0,0.39,24,21678.02
17/02/2024,Coupe,74623,0,0.2,82,51570.75
18/02/2024,Van,35407,0,0.29,20,20751.03
19/02/2024,Van,55925,1,0.09,46,43315.51
20/02/2024,Sedan,26650,0,0.73,61,21916.32
21/02/2024,Sedan,23815,0,0.56,37,18487.96
22/02/2024,Wagon,57062,1,0.58,58,51922.45
23/02/2024,Hatchback,19365,0,0.43,30,12475.51
24/02/2024,Sedan,25322,0,0.41,13,21166.68
25/02/2024,Sedan,26658,0,0.31,68,18027.98
26/02/2024,Hatchback,23661,1,0.24,37,16266.22
27/02/2024,Convertible,67347,0,0.47,47,47172.61
28/02/2024,Convertible,47641,0,0.84,38,35696.21
29/02/2024,Coupe,58055,0,0.32,20,41987.03
01/03/2024,Pickup,63138,1,0.35,35,58755.94
02/03/2024,Pickup,70134,0,0.57,38,49792.65
03/03/2024,Hatchback,21821,0,0.36,27,16039.66
04/03/2024,Crossover,41933,0,0.36,45,28658.62
05/03/2024,N/A,53256,0,0.46,34,38539.24
06/03/2024,Crossover,28020,0,0.37,73,17626.32
07/03/2024,Truck,62266,0,0.84,18,57879.56
08/03/2024,Coupe,53853,0,0.48,77,31070.33
09/03/2024,Crossover,40380,0,0.6,81,30769.46
10/03/2024,Van,49775,0,0.36,71,28834.04
11/03/2024,Convertible,52603,0,0.61,76,39288.11
12/03/2024,Truck,53308,1,0.69,79,46382.83
13/03/2024,Van,39694,1,0.41,41,33861.54
14/03/2024,Convertible,51422,0,0.54,49,41751.82
15/03/2024,Wagon,44352,0,0.3,79,29473.97
16/03/2024,Truck,62047,1,0.53,27,53208.47
17/03/2024,Van,36961,1,0.69,78,33426.53
18/03/2024,Truck,46651,1,0.63,48,38116.36
19/03/2024,Sedan,26246,0,0.55,74,19760.57
20/03/2024,Van,27930,0,0.26,70,20842.45
21/03/2024,Hatchback,34573,0,0.58,15,24976.75
22/03/2024,Sedan,26077,1,0.16,52,20201.83
23/03/2024,Wagon,39941,0,0.61,71,25878.75
24/03/2024,Hatchback,22110,0,0.62,37,13644.32
25/03/2024,SUV,42660,1,0.61,77,38471.17
26/03/2024,Coupe,45145,1,0.56,67,40528.07
27/03/2024,Pickup,51067,0,0.32,47,39206.2
28/03/2024,SUV,46290,0,0.7,44,38879.02
29/03/2024,Sedan,34642,0,0.69,61,23181.78
30/03/2024,Wagon,42741,1,0.4,19,27773.05
31/03/2024,Hatchback,22740,0,0.39,52,15746.31
01/04/2024,SUV,36094,0,0.73,24,27601.75
02/04/2024,Wagon,45718,0,0.31,60,29787.74
03/04/2024,Crossover,40882,0,0.65,57,26157.29
04/04/2024,SUV,47258,0,0.66,79,35668.85
05/04/2024,Van,50775,0,0.27,17,31857.81
06/04/2024,Coupe,80297,0,0.41,49,66816.85
07/04/2024,Coupe,78617,0,0.27,32,50804.21
08/04/2024,Truck,59899,0,0.78,71,53550.32
09/04/2024,Sedan,24435,0,0.37,40,19708.82
10/04/2024,Truck,56963,1,0.13,39,39216.66
11/04/2024,Crossover,44763,0,0.34,61,24688.75
12/04/2024,SUV,46269,0,0.1,81,28075.27
13/04/2024,Hatchback,31812,0,0.42,75,23857.25
14/04/2024,Hatchback,26844,0,0.42,61,19415.19
15/04/2024,Pickup,71882,0,0.36,59,44654.51
16/04/2024,Convertible,56001,0,0.53,15,35273.74
17/04/2024,SUV,48512,1,0.56,42,29743.09
18/04/2024,Coupe,78832,0,0.52,62,63100.49
19/04/2024,MISC_VEHICLE,71514,0,0.54,13,64888.7
20/04/2024,SUV,49601,0,0.29,80,30772.51
21/04/2024,Sedan,23226,0,0.81,49,17064.93
22/04/2024,Wagon,40607,1,0.62,77,28767.44
23/04/2024,Coupe,76269,1,0.29,54,66495.35
24/04/2024,Pickup,70655,0,0.05,50,56510.86
25/04/2024,Van,46378,0,0.11,77,28407.05
26/04/2024,Truck,51021,1,0.61,79,37174.44
27/04/2024,Hatchback,31117,0,0.53,41,20374.85
28/04/2024,Sedan,24404,0,0.44,52,19450.62
29/04/2024,Coupe,44782,0,0.74,36,34677.36
30/04/2024,Crossover,35727,0,0.35,61,26005.82
01/05/2024,Hatchback,26904,0,0.52,73,23500.82
02/05/2024,Crossover,28686,0,0.27,56,16546.53
03/05/2024,Wagon,49131,0,0.15,47,33358.72
04/05/2024,Pickup,61903,0,0.34,28,39737.17
05/05/2024,Error,58392,0,0.26,40,36888.23
06/05/2024,Wagon,46039,1,0.54,38,41295.48
07/05/2024,Pickup,70658,1,0.18,38,59001.4
08/05/2024,Truck,55471,0,0.35,78,40787.75
09/05/2024,Truck,56260,0,0.35,12,37790.51
10/05/2024,Hatchback,18303,0,0.4,24,13535.97
11/05/2024,Pickup,82381,1,0.41,53,62792.28
12/05/2024,Van,36092,0,0.76,12,32950.49
13/05/2024,Hatchback,19862,0,0.18,65,15237.25
14/05/2024,Crossover,46424,0,0.15,48,28104.64
15/05/2024,Coupe,54297,1,0.47,27,41059.66
16/05/2024,Coupe,73349,0,0.72,81,63107.28
17/05/2024,Sedan,23191,1,0.41,43,20779.65
18/05/2024,Unknown,31877,0,0.47,79,20451.08
19/05/2024,Pickup,75482,1,0.8,41,69171.62
20/05/2024,Coupe,53304,1,0.69,51,49984.58
21/05/2024,Truck,45785,0,0.14,28,25816.15
22/05/2024,SUV,34291,1,0.16,64,27967.51
23/05/2024,Convertible,69428,0,0.46,70,44780.26
24/05/2024,Wagon,31642,0,0.55,59,21582.2
25/05/2024,Truck,62951,0,0.35,24,38978.85
26/05/2024,Coupe,45419,0,0.79,51,39110.99
27/05/2024,Truck,60251,1,0.4,69,38236.63
28/05/2024,Van,47479,1,0.25,20,38246.12
29/05/2024,Pickup,70804,0,0.56,24,49689.52
30/05/2024,Van,36195,0,0.64,63,31154.26
31/05/2024,Truck,49457,1,0.6,32,48741.3
01/06/2024,SUV,45035,0,0.36,35,32720.42
02/06/2024,MISC_VEHICLE,18923,0,0.22,73,13273.88
03/06/2024,Convertible,69024,1,0.32,39,56383.19
04/06/2024,N/A,60422,1,0.6,79,45533.99
05/06/2024,Sedan,29720,0,0.46,24,17905.05
06/06/2024,Hatchback,32436,1,0.78,83,24559.64
07/06/2024,Pickup,80361,0,0.41,47,58263.16
08/06/2024,Sedan,33432,1,0.55,44,25306.27
09/06/2024,Sedan,22367,0,0.29,43,14794.81
10/06/2024,Truck,55102,1,0.38,29,50958.94
11/06/2024,Sedan,33091,0,0.24,64,22425.79
12/06/2024,Coupe,59951,1,0.04,50,48213.87
13/06/2024,Crossover,41777,0,0.39,76,27824.02
14/06/2024,Van,35773,0,0.46,24,26376.29
15/06/2024,Truck,49090,0,0.34,50,31014.35
16/06/2024,Wagon,32334,0,0.24,57,16716.47
17/06/2024,Coupe,43010,0,0.73,24,31069.61
18/06/2024,Hatchback,33195,0,0.55,30,23780.68
19/06/2024,Hatchback,20870,0,0.5,82,11972.49
20/06/2024,Wagon,50096,0,0.54,72,37623.11
21/06/2024,Crossover,40968,0,0.45,28,29770.58
22/06/2024,Hatchback,22302,0,0.61,23,14325.05
23/06/2024,SUV,34745,0,0.37,73,26492.93
24/06/2024,Van,57246,1,0.35,77,50586.88
25/06/2024,Convertible,45124,1,0.61,43,41185.25
26/06/2024,Coupe,66037,1,0.28,41,52857.68
27/06/2024,Crossover,43427,0,0.39,42,34872.2
28/06/2024,Wagon,36866,1,0.48,53,33801.45
29/06/2024,Van,50642,0,0.26,18,38445.07
30/06/2024,Coupe,63251,1,0.73,73,54882.43
01/07/2024,Van,51025,0,0.79,78,36774.35
02/07/2024,Van,44789,0,0.31,59,29800.22
03/07/2024,Crossover,37328,1,0.74,64,34243.04
04/07/2024,Sedan,24089,0,0.92,75,22589.29
05/07/2024,Hatchback,23955,0,0.55,58,19190.98
06/07/2024,Truck,54295,0,0.57,62,48178.55
07/07/2024,Van,39648,0,0.29,44,28808.81
08/07/2024,Van,43103,0,0.34,28,32186.8
09/07/2024,Coupe,76707,0,0.46,82,48419.67
10/07/2024,Pickup,45790,0,0.55,69,29481.19
11/07/2024,Hatchback,23565,1,0.26,64,21594.98
12/07/2024,Wagon,54360,0,0.59,13,41822.14
13/07/2024,Pickup,68964,1,0.29,73,51484.15
14/07/2024,SUV,49315,1,0.32,71,43745.23
15/07/2024,Coupe,50951,0,0.7,45,42291.67
16/07/2024,Van,43309,0,0.19,74,24899.35
17/07/2024,Unknown,27420,0,0.24,65,16705.77
18/07/2024,Pickup,83499,0,0.5,40,70535.6
19/07/2024,Coupe,62756,0,0.16,33,39823.67
20/07/2024,Coupe,55850,0,0.52,28,49537.36
21/07/2024,Convertible,60239,1,0.66,79,46515.12
22/07/2024,Wagon,36403,1,0.8,58,33862.23
23/07/2024,Hatchback,30868,0,0.51,53,23400.28
24/07/2024,Wagon,51970,0,0.1,47,34735.92
25/07/2024,Wagon,28927,0,0.12,19,17603.72
26/07/2024,SUV,35607,1,0.88,83,33351.7
27/07/2024,Error,31036,0,0.66,22,25998.43
28/07/2024,Coupe,80568,1,0.48,32,60582.91
29/07/2024,Van,53688,0,0.18,73,30811.89
30/07/2024,Pickup,59896,0,0.71,44,42066.85
31/07/2024,Truck,52387,0,0.5,20,37088.76
01/08/2024,Sedan,26350,0,0.67,14,19406.32
02/08/2024,Hatchback,26267,0,0.7,59,24127.78
03/08/2024,Wagon,27442,1,0.28,24,20623.47
04/08/2024,Sedan,29698,1,0.62,31,24214.01
05/08/2024,Wagon,26792,0,0.25,79,21013.08
06/08/2024,Hatchback,26590,1,0.48,64,22154.07
07/08/2024,SUV,34747,0,0.2,61,24649.44
08/08/2024,Wagon,35637,0,0.48,66,27767.7
09/08/2024,Sedan,31501,0,0.75,84,20909.11
10/08/2024,SUV,44690,0,0.37,18,26215.22
11/08/2024,SUV,40738,1,0.51,61,32777.81
12/08/2024,Coupe,67730,0,0.39,49,43406.89
13/08/2024,Convertible,69901,0,0.63,46,50189.0
14/08/2024,Convertible,66325,0,0.37,72,49732.55
15/08/2024,Crossover,34094,1,0.3,53,25683.38
16/08/2024,MISC_VEHICLE,48069,0,0.34,22,35672.5
17/08/2024,Hatchback,26844,0,0.8,19,18411.9
18/08/2024,Truck,55026,0,0.2,24,37012.73
19/08/2024,Crossover,35231,0,0.0,52,24479.8
20/08/2024,Convertible,68608,0,0.49,61,49337.33
21/08/2024,Convertible,52269,0,0.78,62,39938.66
22/08/2024,Coupe,64107,0,0.39,43,47615.44
23/08/2024,Van,34845,0,0.42,77,26823.42
24/08/2024,Wagon,37829,0,0.32,31,29475.74
25/08/2024,Convertible,58277,0,0.59,48,51090.44
26/08/2024,Wagon,49485,1,0.4,48,31534.48
27/08/2024,Van,41154,0,0.71,55,38064.85
28/08/2024,Truck,65405,0,0.14,73,49212.71
29/08/2024,Convertible,54183,0,0.53,52,43522.91
30/08/2024,SUV,40045,0,0.16,60,22171.92
31/08/2024,Hatchback,25969,0,0.61,55,23645.08
01/09/2024,Wagon,39410,0,0.35,13,26085.75
02/09/2024,Sedan,23122,0,0.52,82,19175.75
03/09/2024,Hatchback,29262,0,0.41,34,23406.88
04/09/2024,SUV,45740,0,0.4,40,28617.46
05/09/2024,SUV,36449,0,0.75,44,28121.01
06/09/2024,Wagon,33697,1,0.0,15,23639.83
07/09/2024,Truck,49762,0,0.66,70,44717.56
08/09/2024,Wagon,42220,0,0.56,53,29136.05
09/09/2024,Sedan,22775,1,0.52,30,18829.49
10/09/2024,Convertible,51729,0,0.14,56,42369.53
11/09/2024,Hatchback,19465,0,0.05,70,12776.66
12/09/2024,SUV,48356,1,0.52,14,41244.22
13/09/2024,Coupe,70679,0,0.2,15,43661.73
14/09/2024,Sedan,22017,0,0.43,50,17290.1
15/09/2024,Wagon,32034,0,0.51,21,22665.26
16/09/2024,Crossover,38251,0,0.65,43,26469.31
17/09/2024,Crossover,42784,1,0.55,57,40546.7
18/09/2024,Convertible,55731,0,0.6,36,36478.81
19/09/2024,Hatchback,25008,0,0.66,55,20785.7
20/09/2024,Van,55528,0,0.42,71,39678.61
21/09/2024,???,61323,0,0.15,47,44557.27
22/09/2024,Convertible,56670,0,0.54,42,41219.36
23/09/2024,SUV,35565,0,0.36,67,22584.8
24/09/2024,Truck,62624,1,0.51,61,61917.87
25/09/2024,Hatchback,18566,1,0.54,22,14373.49
26/09/2024,Truck,56010,0,0.67,54,42441.62
27/09/2024,Hatchback,17441,0,0.49,59,13366.75
28/09/2024,Sedan,27073,0,0.31,44,17928.2
29/09/2024,Van,56125,0,0.45,26,34412.8
30/09/2024,Convertible,56433,0,0.31,26,31728.63
01/10/2024,SUV,49919,0,0.53,73,29983.97
02/10/2024,Wagon,39434,0,0.51,52,26367.54
03/10/2024,???,24392,1,0.22,23,17591.08
04/10/2024,Hatchback,33188,0,0.39,19,24151.39
05/10/2024,Crossover,32139,1,0.87,83,31776.61
06/10/2024,SUV,36228,0,0.17,83,20721.2
07/10/2024,Convertible,58886,0,0.76,33,50838.14
08/10/2024,Crossover,34095,1,0.29,46,28652.73
09/10/2024,Convertible,66936,1,0.14,39,58687.32
10/10/2024,Hatchback,23253,0,0.38,43,18189.93
11/10/2024,Coupe,57318,0,0.65,65,48637.28
12/10/2024,SUV,48782,0,0.29,17,32731.52
13/10/2024,???,48300,0,0.34,55,33789.8
14/10/2024,SUV,44274,0,0.24,81,26122.55
15/10/2024,Convertible,60494,1,0.46,57,44988.06
16/10/2024,Truck,59516,0,0.57,18,44123.05
17/10/2024,Crossover,46211,0,0.33,84,31092.29
18/10/2024,Sedan,30609,0,0.32,26,24727.24
19/10/2024,Convertible,61245,0,0.11,36,35636.13
20/10/2024,Wagon,50355,0,0.12,65,30063.49
21/10/2024,Truck,51616,0,0.08,30,36677.63
22/10/2024,Wagon,41213,1,0.5,45,34752.39
23/10/2024,Van,54531,0,0.37,83,39845.17
24/10/2024,Pickup,61970,0,0.17,38,44714.15
25/10/2024,Pickup,61324,0,0.24,38,38628.21
26/10/2024,Hatchback,32900,0,0.65,21,21617.41
27/10/2024,Hatchback,26999,0,0.65,66,20004.39
28/10/2024,SUV,47148,1,0.63,64,37122.43
29/10/2024,Sedan,34989,1,0.75,35,28768.21
30/10/2024,Coupe,80771,0,0.08,43,49953.22
31/10/2024,Crossover,42869,0,0.24,45,25650.72
01/11/2024,Crossover,29768,0,0.43,83,18805.41
02/11/2024,Wagon,56161,0,0.27,28,35237.29
03/11/2024,Hatchback,20989,0,0.36,42,14280.19
04/11/2024,Wagon,47620,0,0.74,26,32569.95
05/11/2024,Wagon,34493,0,0.75,79,26846.38
06/11/2024,Sedan,21276,1,0.17,84,19019.81
07/11/2024,Convertible,69483,0,0.74,20,50911.36
08/11/2024,SUV,50393,0,0.79,55,35389.64
09/11/2024,Hatchback,30318,0,0.32,62,21385.38
10/11/2024,SUV,47344,0,0.51,49,30875.34
11/11/2024,Convertible,71253,0,0.8,23,59474.1
12/11/2024,Crossover,29159,0,0.22,47,21966.55
13/11/2024,Pickup,49059,0,0.41,42,32531.55
14/11/2024,Pickup,65770,0,0.54,72,48272.9
15/11/2024,Hatchback,28493,0,0.19,83,20247.22
16/11/2024,Crossover,32987,0,0.37,40,20611.81
17/11/2024,Van,39499,1,0.7,20,38770.6
18/11/2024,Sedan,23934,0,0.27,71,12605.17
19/11/2024,Crossover,31130,0,0.44,79,23672.83
20/11/2024,Wagon,56818,0,0.29,26,36341.17
21/11/2024,Crossover,30615,0,0.16,68,22713.33
22/11/2024,SUV,36071,0,0.27,58,21616.77
23/11/2024,Wagon,42595,0,0.41,20,28689.9
24/11/2024,Crossover,27151,0,0.39,44,18860.98
25/11/2024,Truck,49923,0,0.43,62,39310.37
26/11/2024,Van,58116,0,0.73,56,42460.25
27/11/2024,Convertible,59902,1,0.27,42,48456.89
28/11/2024,Hatchback,15598,0,0.25,69,11759.18
29/11/2024,Pickup,58637,0,0.88,45,39110.94
30/11/2024,Hatchback,21681,0,0.39,74,14877.68
01/12/2024,Crossover,31738,1,0.48,40,26231.16
02/12/2024,Convertible,58459,0,0.48,23,43164.03
03/12/2024,Crossover,31766,0,0.7,67,24281.81
04/12/2024,Crossover,40202,0,0.43,63,28830.17
05/12/2024,SUV,42033,0,0.4,64,26872.31
06/12/2024,Van,58828,0,0.17,63,40255.15
07/12/2024,Van,44457,0,0.56,60,37047.34
08/12/2024,Van,33356,1,0.45,27,26380.61
09/12/2024,Pickup,82150,0,0.45,21,51465.86
10/12/2024,Wagon,46800,0,0.34,19,30319.58
11/12/2024,Crossover,37313,0,0.2,50,21518.15
12/12/2024,Crossover,41927,1,0.53,24,41454.25
13/12/2024,Coupe,48892,1,0.79,77,48340.71
14/12/2024,SUV,48389,0,0.24,62,36445.85
15/12/2024,Van,47735,0,0.02,67,34306.47
16/12/2024,SUV,47384,0,0.18,81,31257.59
17/12/2024,Crossover,42468,0,0.02,35,23981.69
18/12/2024,Coupe,68329,0,0.09,42,48958.19
19/12/2024,Van,35404,0,0.55,45,24741.98
20/12/2024,Hatchback,20810,0,0.36,43,16335.02
21/12/2024,Hatchback,19649,0,0.45,42,16485.66
22/12/2024,Wagon,42472,0,0.36,12,29618.34
23/12/2024,Van,52049,0,0.04,62,26131.17
24/12/2024,SUV,40406,0,0.62,28,33103.42
25/12/2024,Crossover,38047,0,0.21,31,24374.66
26/12/2024,Wagon,41967,0,0.77,39,33499.84
27/12/2024,Wagon,35142,0,0.64,42,26600.7
28/12/2024,MISC_VEHICLE,43930,1,0.57,44,35011.93
29/12/2024,Wagon,49393,0,0.03,45,27854.58
30/12/2024,Truck,54108,1,0.46,60,48510.95
31/12/2024,Truck,52349,0,0.48,34,38552.36
01/01/2025,Truck,48045,1,0.53,40,34640.9
02/01/2025,Hatchback,29894,0,0.54,19,21402.01
03/01/2025,Coupe,56044,1,0.72,48,51000.54
04/01/2025,Coupe,49511,0,0.19,63,33414.49
05/01/2025,Sedan,20969,0,0.8,33,16599.02
06/01/2025,Truck,54536,0,0.72,15,38612.82
07/01/2025,Hatchback,34718,1,0.22,23,24912.83
08/01/2025,Wagon,43171,0,0.45,30,32808.59
09/01/2025,Convertible,58439,0,0.51,68,36382.74
10/01/2025,Convertible,47636,0,0.48,39,32403.42
11/01/2025,SUV,48873,0,0.49,47,30906.22
12/01/2025,Convertible,70992,1,0.39,32,48895.03
13/01/2025,Truck,49567,0,0.72,52,41592.27
14/01/2025,Wagon,57634,1,0.72,36,39821.49
15/01/2025,Coupe,70612,0,0.57,66,50828.77
16/01/2025,Error,35387,0,0.15,24,19235.81
17/01/2025,Hatchback,22600,0,0.08,36,16048.28
18/01/2025,Van,33488,0,0.18,16,28067.67
19/01/2025,Sedan,22566,0,0.55,32,16349.44
20/01/2025,SUV,42276,0,0.19,34,30504.91
21/01/2025,Coupe,47875,0,0.68,50,35544.06
22/01/2025,Convertible,72006,0,0.81,67,54064.55
23/01/2025,SUV,37722,0,0.69,60,28210.82
24/01/2025,Truck,52199,0,0.52,27,34449.15
25/01/2025,Convertible,60281,0,0.48,36,42172.42
26/01/2025,SUV,44578,0,0.6,80,31619.08
27/01/2025,Hatchback,32564,1,0.14,73,23938.26
28/01/2025,Pickup,77830,1,0.68,42,71056.69
29/01/2025,???,45912,0,0.69,56,31259.77
30/01/2025,Crossover,32708,1,0.33,41,19970.93
31/01/2025,Wagon,54426,0,0.42,22,38889.66
01/02/2025,Van,39061,0,0.68,74,31284.39
02/02/2025,Hatchback,21770,0,0.39,70,14546.2
03/02/2025,Convertible,52882,1,0.28,56,37444.21
04/02/2025,Van,35749,0,0.43,60,23158.19
05/02/2025,Truck,65614,1,0.46,66,45843.88
06/02/2025,Truck,55788,1,0.22,77,45051.13
07/02/2025,Crossover,34506,0,0.75,18,25763.86
08/02/2025,Hatchback,20607,0,0.27,80,11396.79
09/02/2025,Crossover,35289,0,0.25,27,21081.89
10/02/2025,Van,47332,0,0.64,14,43143.43
11/02/2025,Pickup,77234,0,0.59,28,55437.31
12/02/2025,SUV,42825,1,0.1,74,28487.26
13/02/2025,Van,56627,0,0.32,50,28356.83
14/02/2025,Hatchback,31681,0,0.2,14,20055.32
15/02/2025,Convertible,66675,1,0.87,61,52945.9
16/02/2025,Truck,56512,1,0.4,38,45663.98
17/02/2025,Pickup,61483,0,0.16,13,43146.34
18/02/2025,SUV,49448,0,0.21,37,29151.54
19/02/2025,SUV,38539,0,0.54,15,23298.34
20/02/2025,Hatchback,34763,1,0.16,78,27857.23
21/02/2025,Crossover,43917,0,0.15,53,28547.56
22/02/2025,Van,34317,1,0.78,78,31188.34
23/02/2025,Pickup,47910,0,0.18,32,30156.27
24/02/2025,Convertible,43897,0,0.13,28,31938.78
25/02/2025,Sedan,35376,0,0.79,22,22507.89
26/02/2025,Coupe,51931,0,0.13,31,29084.55
27/02/2025,Truck,60820,0,0.39,16,43168.32
28/02/2025,Truck,57687,1,0.44,60,55412.54
01/03/2025,Unknown,45430,0,0.38,69,28147.82
02/03/2025,Crossover,40998,0,0.24,20,32713.19
03/03/2025,Van,34008,0,0.46,24,25959.4
04/03/2025,Truck,61589,0,0.22,36,33714.33
05/03/2025,Coupe,52589,0,0.84,66,44854.64
06/03/2025,Coupe,80785,0,0.74,62,65067.48
07/03/2025,Sedan,28739,0,0.47,78,22267.73
08/03/2025,N/A,48707,1,0.59,58,40790.64
09/03/2025,Sedan,23313,0,0.31,77,16386.64
10/03/2025,Coupe,55568,0,0.35,51,43989.98
11/03/2025,Wagon,52076,0,0.27,30,35108.04
12/03/2025,Truck,45045,0,0.21,65,28785.19
13/03/2025,Sedan,23804,0,0.22,52,16162.11
14/03/2025,Convertible,70265,0,0.74,70,60167.39
15/03/2025,Crossover,47355,1,0.74,83,37283.44
16/03/2025,Truck,51095,0,0.6,67,35499.56
17/03/2025,Wagon,28994,0,0.33,22,20416.02
18/03/2025,SUV,44127,0,0.55,16,28408.12
19/03/2025,Crossover,31697,0,0.17,70,18796.72
20/03/2025,Sedan,28986,0,0.7,51,17357.85
21/03/2025,Convertible,50836,0,0.68,53,40047.92
22/03/2025,Van,52691,0,0.0,46,28069.53
23/03/2025,Sedan,26997,1,0.16,46,21386.76
24/03/2025,Van,56471,0,0.43,37,45474.73
25/03/2025,Van,48049,1,0.8,22,45155.33
26/03/2025,Wagon,47130,0,0.44,26,28985.39
27/03/2025,Convertible,61858,1,0.39,52,47150.5
28/03/2025,Van,46230,0,0.51,74,32427.63
29/03/2025,Sedan,34413,1,0.9,30,27297.69
30/03/2025,Crossover,33352,0,0.21,67,24204.36
31/03/2025,Hatchback,19381,0,0.84,83,12753.51
01/04/2025,Coupe,60817,0,0.61,44,50527.43
02/04/2025,Pickup,42598,0,0.11,57,33096.25
03/04/2025,Coupe,72309,0,0.67,74,56274.66
04/04/2025,Sedan,24434,0,0.54,77,16216.34
05/04/2025,Crossover,38464,1,0.44,42,32490.49
06/04/2025,SUV,42706,1,0.26,42,35305.31
07/04/2025,SUV,39824,0,0.62,13,39269.54
08/04/2025,Truck,60836,0,0.14,56,38044.33
09/04/2025,Convertible,61004,0,0.4,80,48332.37
10/04/2025,SUV,42370,1,0.22,38,30389.24
11/04/2025,Truck,52936,0,0.66,82,41182.67
12/04/2025,Truck,58868,1,0.55,34,48910.95
13/04/2025,Hatchback,22649,0,0.44,55,14048.86
14/04/2025,SUV,36134,0,0.47,71,26621.96
15/04/2025,Truck,49502,1,0.43,35,37285.25
16/04/2025,Coupe,53043,0,0.85,34,50721.3
17/04/2025,Truck,55401,1,0.7,67,51077.81
18/04/2025,Pickup,41377,1,0.78,35,41263.02
19/04/2025,Hatchback,30713,0,0.46,49,18043.6
20/04/2025,Pickup,51765,0,0.38,52,34511.52
21/04/2025,Coupe,61822,0,0.48,29,46377.3
22/04/2025,Pickup,55768,1,0.28,13,39945.18
23/04/2025,Pickup,78553,0,0.33,18,61058.2
24/04/2025,Crossover,33770,0,0.23,46,19877.66
25/04/2025,Hatchback,27084,0,0.22,38,19600.42
26/04/2025,Pickup,62767,0,0.69,22,53418.28
27/04/2025,Van,33075,0,0.75,35,26155.36
28/04/2025,Hatchback,19938,0,0.19,41,12097.59
29/04/2025,Wagon,35029,0,0.4,23,25211.51
30/04/2025,SUV,37872,0,0.42,78,26885.61
01/05/2025,Coupe,57691,1,0.37,12,49495.42
02/05/2025,Convertible,55032,0,0.42,30,30449.86
03/05/2025,Van,39471,0,0.32,42,25818.53
04/05/2025,Convertible,57451,1,0.5,54,42542.3
05/05/2025,Hatchback,18651,0,0.46,41,16873.65
06/05/2025,Crossover,30832,0,0.49,74,25458.61
07/05/2025,Pickup,58757,0,0.86,75,42706.18
08/05/2025,Unknown,55713,0,0.19,84,34021.3
09/05/2025,Van,42058,0,0.29,51,22033.81
10/05/2025,SUV,41641,1,0.09,69,31057.36
11/05/2025,Coupe,56555,0,0.2,14,33835.5
12/05/2025,Crossover,33693,0,0.4,47,27856.61
13/05/2025,SUV,36301,0,0.72,38,32074.18
14/05/2025,Van,41412,0,0.14,50,27675.17
15/05/2025,Sedan,27860,0,0.25,33,17769.94
16/05/2025,Van,52579,0,0.49,75,31474.61
17/05/2025,Van,31551,0,0.7,53,24914.94
18/05/2025,Wagon,28779,0,0.59,27,22473.29
19/05/2025,Crossover,44339,0,0.71,56,31893.87
20/05/2025,Coupe,54563,0,0.33,29,37523.44
21/05/2025,SUV,40627,0,0.75,38,29276.06
22/05/2025,Truck,61727,1,0.44,68,42277.59
23/05/2025,Crossover,30538,0,0.43,15,20590.58
24/05/2025,SUV,45154,0,0.3,51,29305.92
25/05/2025,Crossover,36174,0,0.48,75,22888.14
26/05/2025,Van,35131,1,0.24,79,22428.66
27/05/2025,SUV,47547,1,0.69,64,35858.81
28/05/2025,Hatchback,26858,0,0.2,64,15434.17
29/05/2025,Van,30829,0,0.17,73,22780.6
30/05/2025,Van,55586,1,0.65,15,46813.3
31/05/2025,Sedan,25659,1,0.42,83,24390.51
01/06/2025,Unknown,34641,1,0.59,79,26894.62
02/06/2025,Hatchback,24967,1,0.64,57,20519.22
03/06/2025,Coupe,56373,0,0.06,20,34467.06
04/06/2025,Van,35666,1,0.09,45,26087.93
05/06/2025,SUV,39824,0,0.82,55,27847.51
06/06/2025,Hatchback,20248,0,0.71,13,15340.76
07/06/2025,Pickup,57568,0,0.43,22,46175.75
08/06/2025,Pickup,77710,1,0.25,42,66341.74
09/06/2025,Pickup,61460,1,0.57,40,53700.12
10/06/2025,SUV,43188,0,0.42,49,25930.34
11/06/2025,Wagon,42287,0,0.78,30,33833.0
12/06/2025,Sedan,31054,0,0.68,54,21752.16
13/06/2025,Wagon,48684,0,0.68,18,36622.59
14/06/2025,SUV,48822,0,0.74,23,41929.24
15/06/2025,Crossover,37464,0,0.39,63,29444.64
16/06/2025,N/A,59737,0,0.34,70,33505.71
17/06/2025,Van,47027,0,0.65,78,33381.33
18/06/2025,Convertible,70273,0,0.78,33,46168.51
19/06/2025,Van,39005,1,0.31,61,25274.55
20/06/2025,Coupe,78902,1,0.06,36,51582.98
21/06/2025,Sedan,30244,0,0.35,45,23113.05
22/06/2025,SUV,40338,1,0.54,66,28961.91
23/06/2025,Hatchback,25590,1,0.58,32,22196.09
24/06/2025,Pickup,57440,0,0.5,62,40946.27
25/06/2025,Coupe,60415,1,0.27,62,52433.25
26/06/2025,Sedan,29702,0,0.34,69,18082.78
27/06/2025,Convertible,53334,0,0.74,37,40289.65
28/06/2025,Sedan,27698,1,0.7,20,27385.69
29/06/2025,Hatchback,32669,0,0.36,38,21348.91
30/06/2025,Pickup,51016,0,0.79,38,33506.3
01/07/2025,Coupe,54054,0,0.82,50,46977.1
02/07/2025,Coupe,64987,0,0.4,57,48207.97
03/07/2025,Pickup,43067,1,0.31,48,31454.38
04/07/2025,SUV,40722,1,0.82,39,33721.14
05/07/2025,Coupe,49413,0,0.56,82,36148.21
06/07/2025,Sedan,29236,0,0.45,39,22645.24
07/07/2025,Sedan,23550,0,0.59,12,16909.84
08/07/2025,Sedan,19131,0,0.25,36,13075.1
09/07/2025,Pickup,42233,0,0.69,70,38208.81
10/07/2025,Coupe,39878,0,0.2,63,27325.12
11/07/2025,Van,60188,0,0.39,15,42735.47
12/07/2025,Pickup,65501,0,0.45,13,40789.74
13/07/2025,Coupe,41464,0,0.42,42,28325.75
14/07/2025,Pickup,55359,0,0.42,65,32877.25
15/07/2025,Crossover,35003,0,0.41,34,24811.55
16/07/2025,Van,31651,1,0.31,78,26981.58
17/07/2025,Coupe,62613,0,0.35,53,39131.94
18/07/2025,N/A,46785,0,0.64,17,33603.17
19/07/2025,MISC_VEHICLE,50032,0,0.8,83,46768.71
20/07/2025,Pickup,72662,1,0.23,34,61001.99
21/07/2025,Sedan,34051,0,0.34,76,24443.74
22/07/2025,Wagon,39757,0,0.42,20,25122.15
23/07/2025,Crossover,30295,0,0.38,67,23839.6
24/07/2025,Crossover,30084,0,0.09,23,17113.64
25/07/2025,Hatchback,34104,0,0.5,47,23922.71
26/07/2025,Convertible,64327,0,0.34,72,42697.77
27/07/2025,Truck,43286,0,0.67,50,39758.85
28/07/2025,Pickup,75695,0,0.64,36,48840.37
29/07/2025,Hatchback,29582,0,0.38,24,19474.08
30/07/2025,Sedan,26061,0,0.28,54,21781.49
31/07/2025,Unknown,34754,0,0.31,65,26091.22
01/08/2025,Unknown,27247,0,0.53,26,23173.82
02/08/2025,Coupe,67274,1,0.58,33,63605.93
03/08/2025,Hatchback,32903,1,0.23,62,27021.58
04/08/2025,Sedan,33064,1,0.3,32,25193.65
05/08/2025,Pickup,44991,0,0.58,17,30034.21
06/08/2025,Van,33123,1,0.28,27,25895.23
07/08/2025,Van,38718,0,0.43,61,29547.38
08/08/2025,Van,44635,1,0.49,39,31989.23
09/08/2025,SUV,47174,0,0.34,84,34901.29
10/08/2025,Van,44918,1,0.41,20,30889.87
11/08/2025,Hatchback,24055,0,0.38,30,12881.4
12/08/2025,Crossover,42828,0,0.26,25,32587.83
13/08/2025,Sedan,28762,0,0.72,15,22094.76
14/08/2025,Truck,61075,1,0.58,71,56815.04
15/08/2025,Sedan,21185,0,0.8,37,18394.32
16/08/2025,Convertible,47447,0,0.26,73,26463.9
17/08/2025,Convertible,69089,0,0.62,54,45293.61
18/08/2025,Crossover,25815,0,0.5,31,23282.68
19/08/2025,Coupe,74666,0,0.0,45,46894.07
20/08/2025,Sedan,18285,0,0.57,51,15587.54
21/08/2025,Hatchback,29673,0,0.67,65,25386.36
22/08/2025,Sedan,33003,1,0.85,80,32630.87
23/08/2025,Coupe,78030,0,0.44,49,64860.74
24/08/2025,Sedan,35211,1,0.67,55,31103.49
25/08/2025,Wagon,54972,1,0.56,44,41038.74
26/08/2025,Convertible,63837,0,0.91,58,44822.98
27/08/2025,Coupe,44218,1,0.43,67,39379.28
28/08/2025,Wagon,36334,0,0.23,53,25241.0
29/08/2025,Coupe,73970,0,0.56,40,49493.5
30/08/2025,Hatchback,18168,0,0.21,20,13493.15
31/08/2025,Coupe,76718,1,0.47,45,65119.81
01/09/2025,Crossover,42252,0,0.56,28,27384.66
02/09/2025,Hatchback,24823,0,0.74,35,20464.53
03/09/2025,Crossover,30870,0,0.49,19,18892.93
04/09/2025,Hatchback,26275,0,0.53,27,17031.66
05/09/2025,Sedan,32237,0,0.59,49,25519.04
06/09/2025,Pickup,58420,0,0.68,60,37275.37
07/09/2025,Convertible,71359,1,0.04,17,49911.08
08/09/2025,Pickup,47967,0,0.69,15,38021.53
09/09/2025,Truck,62460,0,0.33,68,42186.72
10/09/2025,Coupe,76975,0,0.58,53,54127.09
11/09/2025,Wagon,51092,1,0.65,48,42333.89
12/09/2025,Convertible,60981,0,0.2,58,32620.12
13/09/2025,Convertible,48094,0,0.76,19,42098.77
14/09/2025,Coupe,40046,1,0.17,24,29600.35
15/09/2025,Crossover,37213,0,0.27,59,25737.14
16/09/2025,Wagon,48644,0,0.09,67,28867.25
17/09/2025,Van,54000,0,0.35,56,37276.61
18/09/2025,Pickup,88455,1,0.63,35,70882.39
19/09/2025,Crossover,38507,0,0.58,35,25446.15
20/09/2025,Truck,66116,0,0.33,13,49285.62
21/09/2025,Van,46735,0,0.34,53,39417.88
22/09/2025,Hatchback,23937,0,0.34,16,16153.37
23/09/2025,Pickup,83887,0,0.13,52,58173.38
24/09/2025,Hatchback,23290,0,0.49,75,18057.36
25/09/2025,Coupe,51027,0,0.27,39,32282.59
26/09/2025,SUV,48476,0,0.36,54,31047.09
27/09/2025,Coupe,72417,0,0.63,47,50954.38
28/09/2025,SUV,37486,1,0.04,62,27179.0
29/09/2025,SUV,46517,0,0.37,41,31644.64
30/09/2025,Pickup,73561,1,0.86,36,72731.55
01/10/2025,Hatchback,29047,0,0.56,30,25733.6
02/10/2025,Wagon,47308,1,0.0,66,39409.71
03/10/2025,Hatchback,23730,0,0.31,77,17987.12
04/10/2025,SUV,40011,1,0.55,83,33853.27
05/10/2025,Hatchback,27756,0,0.78,63,22544.58
06/10/2025,Wagon,39034,1,0.52,63,31700.11
07/10/2025,Pickup,84577,0,0.72,22,66673.76
08/10/2025,Truck,64898,0,0.66,58,52141.15
09/10/2025,Hatchback,25520,0,0.62,25,21493.37
10/10/2025,Van,33739,0,0.17,29,21330.83
11/10/2025,Sedan,28668,0,0.38,62,23492.07
12/10/2025,Convertible,65507,0,0.13,66,42518.92
13/10/2025,Wagon,32622,0,0.88,25,24268.67
14/10/2025,Pickup,40888,1,0.31,29,34641.3
15/10/2025,Wagon,47042,1,0.42,52,35423.95
16/10/2025,Sedan,34253,0,0.09,20,18984.85
17/10/2025,???,36145,0,0.63,55,29588.26
18/10/2025,SUV,35797,0,0.17,79,23630.88
19/10/2025,Hatchback,21620,0,0.37,33,13758.4
20/10/2025,Crossover,27565,1,0.1,53,22031.54
21/10/2025,Truck,58819,0,0.42,15,38808.7
22/10/2025,SUV,47948,1,0.32,22,38929.8
23/10/2025,Truck,58081,0,0.55,13,43504.68
24/10/2025,???,53647,0,0.59,40,36113.21
25/10/2025,Crossover,35559,0,0.15,48,23909.37
26/10/2025,Truck,64373,1,0.73,23,64175.5
27/10/2025,Sedan,27314,1,0.34,70,19779.89
28/10/2025,Truck,53502,0,0.55,43,34971.89
29/10/2025,Hatchback,29985,1,0.13,22,19820.0
30/10/2025,Van,58004,0,0.71,75,37930.69
31/10/2025,Convertible,46718,0,0.52,32,39845.5
01/11/2025,Wagon,55361,0,0.54,52,37392.1
02/11/2025,Truck,54467,0,0.4,40,39019.62
03/11/2025,Hatchback,29161,0,0.64,72,20376.96
04/11/2025,Van,48761,0,0.65,48,43237.77
05/11/2025,Pickup,56221,0,0.6,62,42325.69
06/11/2025,Convertible,60823,0,0.35,47,39288.19
07/11/2025,Convertible,49230,1,0.6,21,45646.81
08/11/2025,Coupe,45124,0,0.47,43,27282.22
09/11/2025,Hatchback,36207,0,0.81,14,25371.74
10/11/2025,SUV,35835,0,0.29,31,27647.15
11/11/2025,Error,48682,1,0.5,36,44578.38
12/11/2025,Truck,50134,0,0.27,62,33820.62
13/11/2025,Error,63686,0,0.43,50,38983.24
14/11/2025,Coupe,66000,0,0.62,42,40880.34
15/11/2025,Truck,46604,1,0.68,47,32843.48
16/11/2025,Crossover,33669,0,0.55,82,26783.76
17/11/2025,Wagon,30715,0,0.48,40,29960.93
18/11/2025,Sedan,28532,1,0.8,25,22391.11
19/11/2025,Wagon,34550,0,0.47,79,25249.46
20/11/2025,Pickup,56826,1,0.19,65,35587.4
21/11/2025,Sedan,34488,0,0.84,72,24441.16
22/11/2025,Pickup,67631,0,0.82,77,49757.02
23/11/2025,Truck,44690,0,0.38,15,34113.73
24/11/2025,Crossover,41218,0,0.57,41,36036.91
25/11/2025,Coupe,78392,1,0.14,36,61476.17
26/11/2025,SUV,42539,0,0.16,26,30377.91
27/11/2025,Hatchback,28320,0,0.52,12,23669.81
28/11/2025,Convertible,67858,1,0.59,15,56426.36
29/11/2025,Hatchback,29277,0,0.34,72,21420.17
30/11/2025,Wagon,32980,1,0.33,16,25198.35
01/12/2025,Crossover,36659,0,0.55,76,22281.64
02/12/2025,Coupe,43699,0,0.62,75,34539.54
03/12/2025,Hatchback,27584,1,0.65,29,27272.97
04/12/2025,SUV,45095,0,0.33,51,29740.31
05/12/2025,Crossover,35311,0,0.37,67,26762.91
06/12/2025,Sedan,25622,0,0.51,15,15480.59
07/12/2025,Truck,51344,1,0.3,14,39755.77
08/12/2025,Van,33797,0,0.31,67,25164.36
09/12/2025,???,29568,0,0.79,65,26674.01
10/12/2025,Wagon,29619,0,0.24,21,20180.64
11/12/2025,Coupe,43490,0,0.54,69,33684.53
12/12/2025,Wagon,40083,0,0.2,39,26071.05
13/12/2025,SUV,40051,0,0.76,74,30452.85
